id,latitude,longitude,magnitude,time,catalog_id
2533,32.219652845277935,-115.19667243526003,4.2,2007-01-08 14:14:11.959217000,16
2532,34.04994142387703,-116.76717490565619,4.3,2007-01-08 02:20:41.440736070,24
2533,34.023244700566096,-116.78308020601011,4.1,2007-01-08 02:23:02.399038147,24
2532,40.41448699745088,-125.08196563387911,4.1,2007-01-08 18:39:16.979092116,26
2532,34.401467162399435,-116.15342229136496,4.0,2007-01-08 16:37:37.306973482,27
2533,34.43644212144555,-116.11998907338152,4.6,2007-01-08 16:37:46.530219360,27
2532,33.714493070637076,-116.04011745642505,4.4,2007-01-08 09:55:21.080450818,71
2532,40.39521620971143,-125.13400133277347,4.0,2007-01-08 12:26:49.422779652,113
2532,35.79387937601745,-120.48063355455186,5.3,2007-01-08 01:05:24.795219537,139
2533,35.800582030496855,-120.46649021802872,4.0,2007-01-08 01:45:54.133015860,139
2534,35.811619004620226,-120.555811062908,4.8,2007-01-08 01:42:40.519733454,139
2535,35.87918597510711,-120.4102987083909,4.3,2007-01-08 01:46:02.693640024,139
2532,36.92777064214736,-121.68986741993506,4.0,2007-01-08 15:13:03.855000552,163
2533,34.88403181546922,-116.34612652930564,4.5,2007-01-08 02:16:48.512850394,163
2532,33.67687822365282,-116.0714281880497,4.0,2007-01-08 04:54:00.651552090,183
2533,33.90456865576138,-118.40778722843133,4.2,2007-01-08 10:11:59.806362000,186
2532,31.988666817061304,-114.997095112709,4.7,2007-01-08 19:52:03.207057031,201
2533,37.096371776136344,-116.18610769755863,4.5,2007-01-08 22:15:10.283558000,202
2532,34.330224391416586,-116.86011590048852,4.2,2007-01-08 14:18:12.465740349,209
2532,33.708706355089845,-116.03770687313526,4.4,2007-01-08 15:32:36.352842025,210
2532,36.29285421055741,-120.41503500129865,5.0,2007-01-08 09:36:54.376524481,211
2532,32.707010277698004,-116.04584059446738,4.4,2007-01-08 16:36:11.183596241,220
2533,34.017406565079874,-118.20631366923583,5.4,2007-01-08 00:56:04.734618000,224
2534,33.94187889808467,-118.1903193987223,4.4,2007-01-08 01:56:42.161442172,224
2535,32.28579005761701,-115.21817588269276,4.0,2007-01-08 08:10:19.671827371,224
2532,33.177205389641685,-115.60290410510933,4.0,2007-01-08 14:20:19.537446433,235
2532,40.473436606711545,-125.64617926612273,4.2,2007-01-08 15:39:31.696974929,250
2532,33.51889574130771,-116.5761642088837,4.2,2007-01-08 20:35:49.364114831,287
2533,35.78682041324172,-117.83286409292873,4.0,2007-01-08 22:11:53.509818000,301
2532,40.39245637574261,-125.09886942292111,4.0,2007-01-08 07:53:23.847755362,325
2533,40.32658693398952,-124.97269684512999,4.6,2007-01-08 08:05:09.795135000,328
2534,40.30540608376097,-124.96239976171563,4.1,2007-01-08 15:28:26.440512468,328
2532,32.76631849019406,-118.29120847243487,4.9,2007-01-08 02:14:23.283517850,345
2532,32.4779494739259,-118.09768739480295,4.1,2007-01-08 00:25:48.628289339,349
2533,32.50830386855083,-118.09087209507925,4.4,2007-01-08 01:59:40.882540184,349
2534,32.49951520549036,-118.11449945639083,4.1,2007-01-08 02:17:59.720063359,349
2535,32.501093180117245,-118.12022210370031,4.1,2007-01-08 18:12:57.871850784,349
2536,32.46793934631728,-118.067718320038,4.5,2007-01-08 19:38:15.916289163,349
2537,32.42342205836078,-118.10488325131095,4.1,2007-01-08 19:19:24.700213975,349
2538,32.423938419326454,-118.1085604068623,4.1,2007-01-08 19:25:17.365208658,349
2533,32.11748778923915,-117.39870498376409,4.1,2007-01-08 11:29:09.054833000,382
2532,34.29221716476078,-118.45646571140998,4.0,2007-01-08 17:32:27.879107870,385
2533,34.04713554853086,-117.2689277345682,4.0,2007-01-08 15:53:16.622431000,407
2533,37.20692985358928,-117.72824605244905,4.0,2007-01-08 16:25:16.214878000,417
2533,34.348006474134294,-119.77000505507974,4.9,2007-01-08 18:34:26.269087000,426
2534,34.38342184727583,-119.77607678034738,4.0,2007-01-08 18:38:51.033650617,426
2532,40.80997157878425,-124.47586164475881,4.8,2007-01-08 13:59:38.460387566,438
2533,40.81854925746355,-124.46208455183567,4.1,2007-01-08 14:16:54.416556557,438
2533,31.35755797539531,-115.63342918099961,5.6,2007-01-08 22:42:30.688878000,487
2534,31.369855260693548,-115.60221020501352,4.1,2007-01-08 23:19:45.066119625,487
2533,33.072448377781846,-118.00204603075193,4.1,2007-01-08 10:54:20.329358000,498
2534,33.06842004329165,-117.99879248941494,4.2,2007-01-08 21:41:23.875563742,498
2532,40.3909532930553,-125.19610236800003,4.2,2007-01-08 06:24:16.747296550,517
2532,37.995445533224824,-118.6269269901288,4.3,2007-01-08 15:59:47.292427122,525
2532,40.3635996261187,-119.64175752060696,4.8,2007-01-08 19:13:17.644795848,535
2533,40.36353400560585,-119.65795038813286,4.3,2007-01-08 19:34:35.081012427,535
2532,36.15773382983184,-120.2796547535159,4.5,2007-01-08 04:18:45.124953884,543
2532,34.12586649309958,-116.9948011529879,4.1,2007-01-08 05:09:51.179047954,546
2532,36.5924453751266,-116.90452706732503,4.0,2007-01-08 02:10:43.362013775,562
2533,36.631780349907245,-116.84254904501526,4.4,2007-01-08 02:10:57.864996728,562
2533,38.91013591991371,-122.75316094789301,5.5,2007-01-08 20:29:23.824718000,563
2532,36.83329458092881,-121.53860804273944,4.8,2007-01-08 20:09:05.731115925,568
2532,36.21828114127102,-120.28551822923284,4.0,2007-01-08 10:11:36.337991814,574
2532,41.400114635113276,-125.73640138360561,4.8,2007-01-08 19:05:32.609613282,603
2533,41.419754794635914,-125.71488515408713,4.3,2007-01-08 19:07:14.822686909,603
2534,41.43731272456773,-125.6051098779403,4.2,2007-01-08 19:07:55.643593866,603
2533,39.57545912058244,-119.75465113701557,4.0,2007-01-08 21:03:04.839975000,614
2532,36.019015975036176,-120.06915787115003,4.5,2007-01-08 20:49:54.723226581,621
2532,40.7295108108116,-124.29241644356145,4.4,2007-01-08 01:38:25.595881856,626
2533,35.49525480033892,-118.85731325487629,4.5,2007-01-08 19:55:29.781374000,631
2532,40.69885715712007,-123.87110442008505,4.1,2007-01-08 05:20:01.683852159,634
2532,33.648957008445585,-116.13851668413757,4.2,2007-01-08 15:27:14.855220040,649
2533,37.72892116984131,-121.96476102133137,4.2,2007-01-08 10:04:52.861761000,672
2532,33.229792768022534,-116.04459126255031,4.9,2007-01-08 19:29:23.639659307,703
2532,36.17852491945026,-120.29219081524721,4.5,2007-01-08 05:32:06.403445656,729
2532,36.06993599333817,-117.89979832674773,4.1,2007-01-08 04:28:22.895569973,739
2532,32.60167786316127,-116.146910486551,4.4,2007-01-08 15:51:21.429124598,753
2532,32.308612867050236,-115.23316413868918,4.6,2007-01-08 05:15:02.049896144,777
2533,32.29488613956252,-115.3132398151718,4.2,2007-01-08 05:15:04.250699494,777
2532,34.528092569431394,-116.28536048877505,4.0,2007-01-08 00:53:58.288961976,781
2533,31.821220726343935,-116.35211657184453,4.6,2007-01-08 08:58:04.100021820,781
2532,40.35862073133143,-125.0535693739547,4.0,2007-01-08 15:18:20.217704283,788
2532,40.2797180329086,-124.40739078352556,4.7,2007-01-08 02:27:43.316984561,793
2532,35.047318452113416,-119.00151904592896,4.1,2007-01-08 23:46:19.928130331,802
2532,36.623149160485596,-121.13995736867551,4.4,2007-01-08 23:16:40.711709672,824
2533,37.03753283848242,-114.91509647497016,4.1,2007-01-08 03:12:33.308890000,838
2532,31.794372965096017,-116.29999787809203,4.1,2007-01-08 15:58:56.609587287,860
2533,39.4231396691534,-123.05565888193478,5.6,2007-01-08 09:03:40.343750000,864
2534,39.44500012703277,-122.90012355660829,5.5,2007-01-08 11:20:28.968122088,864
2532,37.616833326037984,-118.77650741037083,6.0,2007-01-08 19:17:44.875382568,869
2533,37.642887498721294,-118.80866092605575,4.3,2007-01-08 19:23:15.820582441,869
2532,32.371273217092984,-115.46728802093065,4.4,2007-01-08 14:41:09.446745818,875
2533,33.609829489701205,-120.04828973143545,4.7,2007-01-08 13:58:54.125812000,886
2532,39.31477823160752,-120.07363767541113,4.2,2007-01-08 12:47:11.285181589,919
2532,33.732755770707314,-116.08081159033568,4.1,2007-01-08 19:16:55.333206039,921
2532,34.0656869588782,-118.3960938313878,4.1,2007-01-08 14:07:29.781100311,933
2533,34.06524759494207,-118.39857443234439,4.5,2007-01-08 14:09:43.038131701,933
2533,40.62788869587111,-124.67526117521804,4.0,2007-01-08 15:40:18.923599000,956
2533,37.21523227653355,-116.18483344713844,4.2,2007-01-08 21:37:46.838607000,957
2532,33.07234672439736,-115.55241709328436,4.6,2007-01-08 00:00:12.244786602,997
2533,41.13745335566665,-123.70652515410966,4.3,2007-01-08 07:42:17.497850000,1002
2532,31.811021645883702,-116.34463313829558,4.0,2007-01-08 14:00:14.361214604,1036
2532,34.11929193370484,-116.34510838968373,4.2,2007-01-08 10:13:48.035533360,1037
2533,34.10305455348521,-116.31382570503607,4.0,2007-01-08 21:54:08.550124848,1037
2532,40.393900152283905,-125.0526486559733,4.0,2007-01-08 04:40:26.441328842,1045
2532,31.787136245260676,-116.33017629018875,4.0,2007-01-08 06:56:48.817400048,1051
2532,39.370665392794606,-123.19608032804622,4.0,2007-01-08 07:46:37.762898264,1111
2533,33.79887619271523,-118.0423330534352,4.0,2007-01-08 23:26:19.873700000,1112
2532,37.10691613527159,-121.46647724398204,4.1,2007-01-08 08:40:34.778191759,1116
2532,35.62658664983911,-117.59032869508518,4.1,2007-01-08 08:55:56.639820087,1124
2532,32.235566028811974,-115.09568335306354,4.4,2007-01-08 17:04:29.447758720,1127
2533,32.23796146293046,-115.0933352761758,4.0,2007-01-08 17:07:01.894407221,1127
2534,32.234030490847886,-115.09317529462399,4.3,2007-01-08 17:35:14.082789501,1127
2532,37.522556249821264,-121.74721645379333,4.3,2007-01-08 06:26:37.460841777,1151
2533,37.49535362415212,-121.72485538052962,4.2,2007-01-08 06:32:29.779618588,1151
2533,37.68649388647054,-121.60260168812337,5.0,2007-01-08 22:32:02.851667000,1176
2533,34.41675332584007,-116.5878591545099,4.3,2007-01-08 03:01:30.825782000,1211
2532,34.486195147473055,-116.17560058500479,4.3,2007-01-08 06:17:15.655397967,1231
2533,34.4876384685119,-116.1716172427858,5.2,2007-01-08 06:17:39.675858361,1231
2534,34.498177317058136,-116.20799659522415,4.0,2007-01-08 07:52:36.815565312,1231
2535,34.4990313312797,-116.16269062776242,4.6,2007-01-08 06:51:39.709555518,1231
2533,40.89984625263621,-123.75139539909021,4.6,2007-01-08 11:46:30.188921000,1241
2532,35.81185363167884,-117.72640973569007,5.8,2007-01-08 21:53:45.211943874,1251
2533,35.80658242952988,-117.68643856812281,4.1,2007-01-08 22:02:39.304721787,1251
2534,35.84853349577527,-117.69231304901189,4.0,2007-01-08 22:56:26.714431655,1251
2533,35.68649075677989,-121.15782506421802,4.1,2007-01-08 10:49:39.433709000,1260
2532,36.06705211849505,-117.65810094061627,4.3,2007-01-08 01:59:57.550790560,1270
2532,34.28369212962342,-116.96886211281951,4.2,2007-01-08 08:12:04.218513756,1272
2532,36.17520726445576,-120.28442553793208,4.5,2007-01-08 15:53:52.136608146,1301
2532,32.35404531186506,-115.23957825462469,4.2,2007-01-08 17:23:02.907109227,1306
2533,33.85818774100647,-118.55025256662994,4.0,2007-01-08 05:45:51.688817000,1317
2533,36.84025743457805,-115.962646814494,4.2,2007-01-08 00:02:44.555566000,1335
2533,40.61541331504122,-124.11462086937078,4.1,2007-01-08 19:30:49.436381000,1354
2532,38.87477334057713,-122.80827283654075,4.6,2007-01-08 12:53:30.696197147,1358
2532,33.137003542578405,-115.64449345135846,4.5,2007-01-08 20:15:29.005875476,1385
2532,31.823577869503282,-116.36147764178456,4.2,2007-01-08 15:59:26.585490551,1390
2533,32.078860136659586,-117.33346936584162,5.2,2007-01-08 08:51:49.980333000,1399
2532,37.51886394114478,-118.69403747115003,5.5,2007-01-08 12:45:12.425965312,1403
2533,36.77504058184567,-115.96601742730249,4.3,2007-01-08 01:49:34.706068000,1422
2534,36.824815310831795,-116.24175856253198,4.0,2007-01-08 02:11:56.719970130,1422
2533,40.680340270958105,-123.51808686789039,4.0,2007-01-08 08:21:56.731635000,1440
2532,37.23812258440221,-117.86994372863073,5.4,2007-01-08 04:15:23.988892696,1470
2532,32.301639897026895,-115.1881678446803,4.8,2007-01-08 16:27:36.298723664,1481
2532,33.87119052613212,-118.44229248998595,4.3,2007-01-08 16:37:58.593977795,1487
2533,40.808503713749595,-121.54817103856227,4.1,2007-01-08 23:36:24.800961000,1490
2534,33.914198777821376,-117.78789537361848,4.0,2007-01-08 15:42:02.652384506,1490
2533,35.94033655053123,-120.34766374451786,4.6,2007-01-08 16:30:12.070182000,1504
2532,33.313084404528865,-116.46028750009992,4.1,2007-01-08 23:33:19.366232460,1517
2532,40.42868929022462,-125.08006069529068,4.5,2007-01-08 09:38:15.418488456,1531
2532,41.52922031186518,-125.78714005640671,4.2,2007-01-08 21:09:02.556961639,1534
2532,32.46106101670608,-118.09130414187051,4.0,2007-01-08 06:36:13.571762969,1538
2532,40.44016903393096,-125.743466143416,4.5,2007-01-08 12:34:25.723226515,1551
2532,35.73511472170075,-120.79332989258899,4.0,2007-01-08 18:53:48.912394026,1555
2533,34.05483750824733,-117.5613289570218,5.0,2007-01-08 16:33:28.252548000,1561
2532,32.23650863109514,-115.14287338647414,4.7,2007-01-08 09:48:02.847393796,1603
2533,32.19385860704455,-115.0960087329108,4.7,2007-01-08 14:58:36.154797166,1603
2534,32.21711569926662,-115.1084804583234,4.1,2007-01-08 16:59:31.573432839,1603
2532,35.832408453784474,-120.35762803453963,4.0,2007-01-08 22:43:56.034944857,1616
2533,35.866450908880736,-120.38194123492656,4.2,2007-01-08 22:46:10.570059893,1616
2532,34.20115087764173,-118.56934201080452,4.2,2007-01-08 03:05:59.779495398,1621
2533,34.1429430986976,-118.57581552864525,4.2,2007-01-08 06:35:02.311882181,1621
2532,34.23756720057742,-118.48745342213753,5.1,2007-01-08 23:08:42.549330098,1628
2533,31.46445535132953,-116.0424045306829,4.7,2007-01-08 00:21:32.149078000,1651
2534,31.47962262736151,-116.04951926032828,4.1,2007-01-08 00:29:36.041241395,1651
2535,31.51235481710059,-116.06650709384024,4.7,2007-01-08 00:27:08.985701979,1651
2532,37.33924687405935,-117.10246391371835,4.5,2007-01-08 13:25:47.455801333,1670
2533,38.17703768742888,-118.6901570965384,4.0,2007-01-08 09:04:11.536215000,1685
2534,38.182012229552114,-118.71085558105177,4.0,2007-01-08 12:48:55.024470632,1685
2535,38.20189197465331,-118.64765678708578,4.9,2007-01-08 12:49:10.740924849,1685
2533,39.16623710503429,-123.0656913495771,4.7,2007-01-08 18:04:41.127171000,1687
2533,39.360161712302386,-120.1232401634548,4.0,2007-01-08 08:36:48.889873000,1705
2533,32.91217692550598,-117.9291930054965,4.1,2007-01-08 01:44:20.195359000,1714
2532,33.24114678937812,-116.08346604508328,5.8,2007-01-08 09:13:11.717385904,1721
2533,33.196240323819524,-116.08957489050636,4.1,2007-01-08 20:32:59.622859842,1721
2534,33.26537871884136,-116.09198115816154,4.5,2007-01-08 09:41:31.590038781,1721
2535,33.303404186806496,-116.05857440557358,4.1,2007-01-08 09:56:35.392470548,1721
2536,33.27375690890713,-115.94676597081103,4.0,2007-01-08 09:48:44.641188612,1721
2532,40.40567543817977,-125.10909306187345,4.2,2007-01-08 01:35:49.058383542,1725
2533,40.40075243959048,-125.1075495624767,4.8,2007-01-08 01:36:47.242047754,1725
2532,32.65902621647846,-116.05798308572759,4.8,2007-01-08 21:49:30.081787223,1754
2532,35.76647088101647,-121.2238063846018,4.9,2007-01-08 19:23:50.819106107,1755
2532,35.05121389315566,-119.01689983811401,4.2,2007-01-08 17:24:30.270231488,1765
2532,40.569766268580736,-125.57048190876475,4.1,2007-01-08 21:38:56.662503672,1774
2532,33.68743665321846,-116.05966839296939,4.6,2007-01-08 19:03:43.891417505,1794
2532,35.006324623224536,-119.16930496185246,4.0,2007-01-08 12:31:39.420387450,1808
2532,38.818757564439665,-122.81259672340656,4.5,2007-01-08 02:43:40.545311514,1809
2532,31.772250534417594,-116.31803145269623,4.2,2007-01-08 12:56:45.715581184,1827
2532,35.33197399170802,-118.58964299429965,4.0,2007-01-08 13:08:50.428014278,1834
2533,35.292306600193605,-118.8705065272496,4.2,2007-01-08 16:47:28.682374348,1834
2532,37.624553758765,-118.97153111304254,4.0,2007-01-08 22:13:21.145863670,1839
2532,31.754221055474193,-115.81219830133531,4.4,2007-01-08 22:10:32.173244214,1876
2533,31.699239637050095,-115.85159691793038,4.1,2007-01-08 22:11:54.761644174,1876
2532,40.42429323743217,-125.08648874616503,4.5,2007-01-08 14:41:01.590073523,1911
2532,40.44541322728739,-125.25644916437226,4.2,2007-01-08 16:45:06.079715298,1925
2533,40.4789682803809,-125.25561221246639,4.1,2007-01-08 17:17:06.801587823,1925
2532,32.66864827542746,-116.03964815810973,4.1,2007-01-08 23:37:18.913387317,1965
2532,40.41491813545249,-125.07411223056975,4.0,2007-01-08 14:44:52.926049849,1970
2532,35.81224857147402,-120.36678054670658,5.2,2007-01-08 12:58:09.066598783,1994
2532,33.71375584536757,-116.02435295710568,4.2,2007-01-08 18:00:17.544009665,2006
2533,38.116875471090644,-117.78771209142454,4.6,2007-01-08 19:52:07.070492000,2016
2533,34.17146807319318,-118.85808192095803,4.2,2007-01-08 15:00:55.939791000,2042
2533,39.34705365746789,-123.85073632005573,4.3,2007-01-08 12:23:57.807892000,2049
2532,33.21115249076783,-115.93324626117331,4.5,2007-01-08 13:38:27.037227825,2056
2533,33.19430391849508,-115.91892897970321,4.0,2007-01-08 14:16:38.998502387,2056
2534,33.16236282455493,-115.94717363828006,4.0,2007-01-08 14:24:39.140779318,2056
2532,34.78346787330542,-116.35227406367484,4.5,2007-01-08 01:36:03.938045135,2086
2532,40.283269387148756,-124.44723920102798,4.6,2007-01-08 09:22:38.021598552,2092
2532,32.248004629217505,-115.15456712037825,4.8,2007-01-08 23:45:00.098498179,2099
2532,33.165219830327054,-115.93424994114704,4.0,2007-01-08 23:19:19.683840464,2104
2532,40.35435762339147,-125.02343330287998,4.3,2007-01-08 01:30:06.590039081,2139
2532,34.32013034378127,-118.49218070288065,4.1,2007-01-08 00:00:40.528094435,2140
2532,34.338621590229685,-116.95948946459332,4.2,2007-01-08 06:04:12.897719921,2145
2533,37.798384657884235,-122.20314833246857,4.7,2007-01-08 23:32:42.948799000,2157
2533,36.02158625619397,-120.00340005665811,4.2,2007-01-08 00:34:44.014529000,2169
2534,36.009105459068955,-120.01396386086364,4.4,2007-01-08 00:36:07.048240634,2169
2533,36.00869772556051,-117.91241377705843,5.5,2007-01-08 14:17:07.912553000,2177
2534,36.020797160637954,-117.93743082937947,4.2,2007-01-08 14:56:23.109951715,2177
2533,35.66470770930003,-120.44084519880063,4.7,2007-01-08 11:29:40.841426000,2183
2533,36.81229653788353,-116.43112076288845,4.0,2007-01-08 22:31:03.604391000,2190
2534,36.812107706473334,-116.44487423198754,4.3,2007-01-08 22:55:42.157124901,2190
2532,35.55903901835252,-121.23003412071651,4.1,2007-01-08 07:26:46.675187784,2193
2533,35.558313889936215,-121.21224226961853,4.9,2007-01-08 09:09:05.714154750,2193
2532,35.35062575952196,-116.80672833644273,4.4,2007-01-08 04:45:28.227036805,2195
2532,41.52222419998048,-125.80334383321139,4.3,2007-01-08 01:27:02.711986993,2198
2532,34.69034296721569,-116.36146556927997,4.5,2007-01-08 09:20:53.829281890,2206
2532,34.328708268879865,-116.34056291162251,4.6,2007-01-08 07:03:32.520263467,2210
2532,36.057846517123906,-117.7003616285744,4.3,2007-01-08 15:06:26.827814384,2211
2532,40.363461273094195,-124.45243407245162,4.0,2007-01-08 04:31:24.810449110,2213
2532,33.68249516670962,-116.02460575291806,4.7,2007-01-08 00:51:17.878529966,2223
2533,37.70016241656698,-117.39994087069539,4.2,2007-01-08 10:49:57.964761000,2234
2533,39.58028820621435,-119.83611585175666,4.7,2007-01-08 08:46:31.714450000,2235
2533,37.632458540516176,-116.32595301536387,4.0,2007-01-08 20:56:00.982668000,2266
2532,40.636348227983746,-122.4069478458945,4.1,2007-01-08 20:11:22.850345384,2267
2533,35.15907397873539,-119.20523348227006,4.1,2007-01-08 01:11:28.676762000,2280
2532,35.968120202720016,-120.5286345841051,4.0,2007-01-08 21:10:28.771145347,2314
2533,39.47310293213789,-120.35035897827989,4.0,2007-01-08 16:33:32.310960000,2316
2532,37.60639493668913,-118.84202141940713,4.2,2007-01-08 15:10:47.556833490,2317
2533,39.55345050315072,-122.0590308546004,4.7,2007-01-08 23:26:17.930154000,2340
2532,32.67371882131606,-116.02645836930417,4.0,2007-01-08 00:03:51.654500905,2359
2533,32.68194975743214,-116.02077375829899,4.2,2007-01-08 10:02:26.087717849,2359
2534,32.682592611462475,-116.01679658756748,4.5,2007-01-08 10:02:33.511521813,2359
2532,31.784581880886357,-116.29145840077783,4.3,2007-01-08 21:04:53.171929420,2383
2532,35.69818564816212,-121.07412562494237,4.5,2007-01-08 11:11:40.084394308,2392
2532,36.16890986188659,-120.31445888352064,4.3,2007-01-08 03:07:47.254969486,2430
2533,39.339802432849034,-122.52489534452637,4.0,2007-01-08 21:14:41.358597000,2450
2532,40.674828450425395,-123.81086095030348,4.3,2007-01-08 00:02:26.361605110,2456
2532,34.613102303424434,-116.23776258595969,5.8,2007-01-08 20:34:42.784624783,2471
2533,34.71821565494976,-116.42234779988287,4.5,2007-01-08 20:36:28.291604182,2471
2534,34.605969357069526,-116.25396851869174,4.4,2007-01-08 21:51:20.381314672,2471
2535,34.77616120342385,-116.4364606783949,4.2,2007-01-08 20:38:21.364162222,2471
2532,40.69816849280289,-123.862094145904,4.3,2007-01-08 20:19:10.693071097,2478
2532,40.396433513331246,-125.07461264133302,4.6,2007-01-08 20:03:23.972481568,2496
2532,38.82247808448866,-122.904239405448,4.1,2007-01-08 23:20:54.297808134,2498
2533,41.03824483413666,-125.56550632012373,4.2,2007-01-08 17:08:20.141779000,2505
2532,36.01023235646854,-120.54562053121082,4.0,2007-01-08 20:08:35.832854149,2526
2532,41.37218339253512,-125.730431884044,5.1,2007-01-08 06:06:43.754960798,2527
2532,34.140526786275295,-116.65826084043293,4.0,2007-01-08 16:31:10.893444477,2530
2532,35.69372862464937,-121.07322626553166,4.4,2007-01-08 16:36:24.954070653,2537
2532,38.92974268190647,-122.85345361680302,4.2,2007-01-08 04:24:34.898683386,2562
2532,34.43183064149296,-116.36506843778052,4.0,2007-01-08 03:48:20.878346491,2609
2533,34.437908811790756,-116.3672968400557,4.2,2007-01-08 03:54:53.724164290,2609
2533,41.46222155507893,-121.56162245475504,4.3,2007-01-08 04:28:26.063271000,2643
2533,36.561429596153005,-118.04530728935943,4.1,2007-01-08 06:27:07.998618000,2644
2534,36.528022558521194,-118.0296849994648,4.0,2007-01-08 13:08:28.557535201,2644
2532,34.19299223204094,-116.54897579801838,4.0,2007-01-08 23:28:25.960096040,2670
2532,39.35113298739531,-123.3171865664662,4.0,2007-01-08 00:29:27.190390244,2705
2532,36.55917760218354,-121.00386235845727,4.0,2007-01-08 04:01:02.038607062,2722
2533,35.53959745749259,-118.51106270057937,4.1,2007-01-08 10:33:53.872653000,2727
2532,34.54300969498815,-116.269000951945,5.6,2007-01-08 00:16:22.851695353,2755
2533,34.42572345452775,-116.27711891076696,4.3,2007-01-08 00:20:33.228691340,2755
2534,34.50468243906959,-116.29935228974824,4.2,2007-01-08 00:24:44.029536385,2755
2533,35.154614549191784,-118.51414911524904,4.0,2007-01-08 10:43:13.814516000,2765
2532,38.88489243397387,-122.83292826127423,4.1,2007-01-08 18:43:36.346276240,2767
2533,38.590236906491306,-118.63502058848822,4.0,2007-01-08 22:12:28.701664000,2769
2532,33.523117406675915,-116.54600066944,4.3,2007-01-08 06:05:11.641826902,2778
2532,32.4721765106411,-118.18694987060773,4.0,2007-01-08 19:44:49.899517914,2779
2532,36.145936367742706,-120.2554450438782,4.1,2007-01-08 19:09:11.742229432,2791
2532,32.49279903282841,-118.14447022604581,4.3,2007-01-08 11:46:52.051542795,2794
2533,32.48007309146763,-118.17105584518764,4.1,2007-01-08 12:09:51.073899395,2794
2532,33.00270645760799,-115.86039857183155,5.4,2007-01-08 22:11:52.754046017,2802
2533,33.03026294017506,-115.86309417254155,4.1,2007-01-08 23:38:38.217434043,2802
2532,34.26322059563165,-117.08522062951447,4.0,2007-01-08 17:26:33.226348171,2811
2532,34.283601727746856,-118.40824514621487,4.6,2007-01-08 19:42:50.757447418,2823
2533,33.78513654229273,-118.50981951884663,4.1,2007-01-08 22:14:05.765348000,2830
2533,35.521800014146685,-118.9421370426262,4.7,2007-01-08 21:28:50.013991000,2845
2532,32.26564167776693,-115.23615800101085,4.2,2007-01-08 07:17:53.137826965,2848
2532,40.37339768853133,-125.5055728948956,4.0,2007-01-08 01:58:50.049481424,2850
2533,31.976786330193303,-116.12724438590107,4.3,2007-01-08 21:58:04.547780000,2872
2534,31.98425143009421,-116.15568389907536,5.9,2007-01-08 22:41:46.327401341,2872
2535,32.020807062199204,-116.17939266409988,4.0,2007-01-08 22:43:23.923491090,2872
2533,40.30040696305248,-121.16549989008814,5.0,2007-01-08 17:06:23.068165000,2882
2534,33.42319903650057,-116.54118257465393,4.7,2007-01-08 12:37:50.017015918,2882
2532,32.372710691300135,-115.3844444242623,4.2,2007-01-08 15:38:32.948346503,2890
2533,40.368577635676495,-122.77659450598286,4.2,2007-01-08 18:23:46.891072000,2902
2534,40.032929799354825,-119.6195017077428,4.1,2007-01-08 01:17:02.590247231,2902
2532,39.11052116000593,-122.28221702721504,4.1,2007-01-08 06:47:01.581038736,2906
2532,35.99723374252449,-117.89167720068923,4.0,2007-01-08 22:59:49.829301598,2933
2532,40.43905907860415,-125.30800813311747,4.7,2007-01-08 00:59:40.181340277,2947
2533,32.98595469788855,-117.98533086851442,4.0,2007-01-08 14:40:15.092150000,2961
2533,38.06420944457979,-118.14491950398268,4.6,2007-01-08 04:18:21.512617000,2980
2532,33.931509353797864,-118.65743279997552,4.3,2007-01-08 03:58:59.828116663,2989
2532,34.666520512562585,-116.2625536553121,4.6,2007-01-08 19:18:51.543906786,2995
2532,39.377983286360944,-123.27867328696018,4.2,2007-01-08 05:48:14.703329495,3039
2533,32.836265923181536,-116.18859339545104,4.3,2007-01-08 18:35:29.168304000,3076
2532,39.34129014158356,-123.28610996624747,4.2,2007-01-08 18:14:25.132745020,3083
2532,32.183108660602244,-115.0980245544386,4.5,2007-01-08 23:47:41.425823488,3098
2532,31.79087172230088,-116.30283673445378,4.1,2007-01-08 06:59:47.575902072,3116
2533,31.794736102492,-116.29744825957046,4.8,2007-01-08 07:29:25.788280598,3116
2533,38.71116951459492,-118.7903130977067,4.0,2007-01-08 19:08:48.358144000,3131
2532,39.33371525948956,-120.02901897840101,4.1,2007-01-08 03:53:17.716267799,3144
2533,39.340400051280945,-120.05401799448273,4.0,2007-01-08 13:00:59.552024481,3144
2534,39.35276898239314,-120.04462167097702,4.6,2007-01-08 16:13:09.411681896,3144
2532,34.80365757856971,-116.24338486476819,4.3,2007-01-08 20:54:46.558039112,3161
2533,34.81393374542549,-116.23040797223781,5.1,2007-01-08 21:40:24.171194843,3161
2532,38.81900825427935,-122.81146763731985,4.2,2007-01-08 18:20:04.333644876,3167
2533,34.38465804299141,-117.68526197167364,4.9,2007-01-08 03:11:04.847857000,3177
2532,32.298115994808896,-115.23400141687601,4.1,2007-01-08 08:35:30.923441809,3195
2533,32.29230462473417,-115.2296623120379,4.1,2007-01-08 19:59:12.016663288,3195
2532,37.919638685656835,-122.6747047522291,4.6,2007-01-08 21:15:27.566752440,3199
2532,40.27349569493786,-124.39639707599055,4.9,2007-01-08 10:33:03.125933843,3219
2532,40.63148824703935,-125.39110578677781,4.4,2007-01-08 08:35:54.953835025,3229
2533,34.55380665984354,-117.7896394584761,4.3,2007-01-08 19:49:31.183706000,3248
2534,34.62990024687417,-117.83490647140641,4.8,2007-01-08 22:10:30.502817583,3248
2535,37.57300048945137,-118.82267006103433,4.0,2007-01-08 05:18:59.723868063,3248
2532,33.714699082415756,-116.05088853083647,4.3,2007-01-08 15:42:30.644419302,3249
2533,31.318698309400798,-115.88406946019325,4.3,2007-01-08 22:55:21.037709000,3250
2532,36.61598408553009,-121.19749187573055,4.5,2007-01-08 14:03:25.336224351,3271
2532,32.40462587264485,-115.27611806930918,4.0,2007-01-08 16:20:57.477773011,3283
2533,37.64462792537515,-122.75014851355562,4.4,2007-01-08 08:35:43.628893000,3284
2534,37.63381933293129,-122.7677453116657,5.2,2007-01-08 08:40:18.590928315,3284
2535,42.34681862424799,-125.64959411456361,6.0,2007-01-08 17:17:42.965249615,3284
2536,42.35153867473418,-125.628300740421,4.1,2007-01-08 17:25:04.448511385,3284
2537,41.35878974737701,-125.57266526885951,4.2,2007-01-08 17:30:40.711120186,3284
2532,34.20341980893416,-116.84857786456956,4.6,2007-01-08 10:21:56.823952289,3289
2533,33.022531294364974,-115.68807407604203,4.7,2007-01-08 19:01:05.925764000,3309
2532,35.79429189667719,-121.12661634385873,4.3,2007-01-08 21:06:56.911519234,3310
2532,33.699175641427836,-116.05564421879042,4.7,2007-01-08 23:14:47.890852756,3334
2532,31.723542010052512,-116.3140129682972,4.4,2007-01-08 10:21:25.296115946,3335
2532,35.741755941449014,-118.4803964355422,4.5,2007-01-08 10:42:26.411192025,3356
2533,35.74039462578655,-118.48098164155559,4.4,2007-01-08 11:02:00.610685187,3356
2532,34.28264561647146,-118.49937082442847,4.3,2007-01-08 14:24:37.553908792,3410
2533,34.27734530145177,-118.50160432715333,4.4,2007-01-08 16:29:29.798803357,3410
2532,40.29266737786138,-124.43688140333985,4.3,2007-01-08 12:15:44.025700638,3420
2533,40.29378806922901,-124.43375266440883,4.0,2007-01-08 12:46:00.260409338,3420
2534,40.28883025161331,-124.43916546247065,4.4,2007-01-08 12:16:56.198543048,3420
2535,40.30553633554727,-124.45523873342384,4.1,2007-01-08 18:53:07.805088871,3420
2536,40.34763483997053,-124.47319919327418,4.6,2007-01-08 18:52:20.830763502,3420
2537,40.30887733067888,-124.4751405633548,4.9,2007-01-08 19:09:41.869910891,3420
2538,40.27626177370786,-124.35920458599237,4.0,2007-01-08 19:09:43.367530345,3420
2533,39.480452006610435,-122.99705040430675,4.5,2007-01-08 18:52:26.968001000,3424
2532,33.99045679758703,-116.78336065030452,4.1,2007-01-08 05:15:32.271382288,3433
2532,40.28423687512055,-124.40468336331547,4.3,2007-01-08 16:14:59.079112275,3439
2533,39.71032745429508,-122.1246968842179,4.7,2007-01-08 12:42:34.746640000,3449
2533,34.29000077151042,-119.30102405116463,4.0,2007-01-08 15:54:04.918919000,3465
2533,31.881096695398035,-116.24158247112295,4.0,2007-01-08 01:59:01.360776000,3467
2532,31.787261885104346,-115.8207800740324,4.1,2007-01-08 18:22:17.270021877,3481
2533,31.784267525344735,-115.84494678540274,4.1,2007-01-08 18:22:19.376712601,3481
2534,31.91950717323066,-115.79344349412726,4.3,2007-01-08 21:16:10.778695041,3481
2533,41.06380263280951,-125.7881366051534,4.6,2007-01-08 15:35:40.835303000,3487
2533,40.57682427873848,-122.24048313002412,4.2,2007-01-08 20:30:59.800317000,3492
2534,40.58487859605883,-122.24852763415149,4.6,2007-01-08 20:33:08.236483710,3492
2533,38.289383891976364,-118.0230671770763,4.0,2007-01-08 01:20:42.513734000,3501
2532,34.334371580428574,-117.08840793051307,4.4,2007-01-08 03:51:30.518094514,3509
2533,34.32414254261241,-117.1011601906739,4.3,2007-01-08 12:26:11.887425614,3509
2533,38.42610627995728,-122.48960212699788,4.0,2007-01-08 19:30:35.797451000,3512
2532,38.23362490879318,-118.77796931691873,5.4,2007-01-08 19:47:49.570484745,3520
2533,38.27209502724024,-118.72124037984763,4.3,2007-01-08 20:03:16.456008368,3520
2532,33.70532312291296,-116.06268921888122,5.7,2007-01-08 03:38:20.434368039,3527
2533,33.70796960911243,-116.06865104236442,4.0,2007-01-08 09:58:44.498072213,3527
2533,41.03746522358799,-125.31848395152652,4.0,2007-01-08 20:29:42.977081000,3553
2532,41.03182237844949,-124.96506102505609,4.1,2007-01-08 03:22:12.389536220,3556
2533,40.96833486829447,-125.12093595873854,4.2,2007-01-08 01:57:48.716321000,3570
2533,41.05791707421514,-125.64289592072461,4.0,2007-01-08 20:23:51.803574000,3573
2532,34.28125222881885,-116.92676541089851,4.6,2007-01-08 17:22:31.966142295,3583
2532,32.14244576203919,-115.10070772703364,5.2,2007-01-08 04:21:18.742819178,3585
2533,32.09536852636928,-115.03588797805078,4.6,2007-01-08 04:28:36.684003877,3585
2534,32.10421524434187,-115.0517430661691,4.4,2007-01-08 06:03:11.821364690,3585
2533,37.35418423205058,-118.23018213853143,4.0,2007-01-08 15:39:25.942302000,3613
2532,32.846292910135,-115.95294321887695,4.5,2007-01-08 01:54:20.510311458,3620
2533,32.833189465009546,-115.91113505773325,4.8,2007-01-08 02:40:33.396274153,3620
2532,39.29279640694898,-123.27952978267261,4.2,2007-01-08 01:45:22.435932675,3654
2532,40.46867186154243,-124.54136692832546,4.0,2007-01-08 16:29:50.071342250,3658
2532,32.24427109642911,-115.22047127142363,4.2,2007-01-08 07:25:02.577608563,3682
2532,37.869205411326305,-121.98714423282092,4.1,2007-01-08 08:14:27.437218806,3712
2533,37.802780773855204,-121.96801719406925,4.6,2007-01-08 08:17:38.020571330,3712
2534,37.37738288105336,-121.61023100773508,4.2,2007-01-08 08:18:19.479518786,3712
2532,32.334512927412966,-115.26131232029371,4.7,2007-01-08 09:37:45.015487152,3754
2532,41.08356510296792,-125.17394167077502,4.1,2007-01-08 13:57:52.262900615,3772
2533,38.764511695659685,-123.00370665894714,4.7,2007-01-08 15:50:30.920248504,3772
2533,34.04780803914378,-116.80748008796948,4.1,2007-01-08 01:59:50.956838000,3775
2534,34.05699386354003,-116.82540607202807,6.0,2007-01-08 03:41:10.672792049,3775
2535,34.06736574937913,-116.86833436332049,4.0,2007-01-08 07:40:35.876871711,3775
2536,34.06330959371137,-116.79322486462671,4.6,2007-01-08 12:47:28.560763536,3775
2537,34.023398746318954,-116.91730761947,4.3,2007-01-08 03:42:03.545264661,3775
2532,31.673348895600455,-116.21961038659589,4.2,2007-01-08 18:45:35.879280822,3778
2532,32.66351335551529,-116.01854792361812,4.3,2007-01-08 15:14:37.315879939,3807
2533,31.332839645494666,-115.51382293068498,4.4,2007-01-08 09:38:18.846430000,3818
2532,37.8374886140872,-122.24368808228517,4.5,2007-01-08 07:02:58.454716896,3821
2533,34.9932139855437,-116.64240943237205,4.0,2007-01-08 05:38:31.859115000,3847
2533,36.03471108683305,-117.8998951830757,4.5,2007-01-08 20:17:44.698271000,3861
2532,40.40947403140965,-125.065339420763,5.7,2007-01-08 18:06:44.952713426,3869
2533,40.42728102371746,-125.02986508561138,5.0,2007-01-08 18:38:35.654746933,3869
2534,40.44760765398333,-125.10390800527887,4.2,2007-01-08 18:38:41.976826879,3869
2535,40.43439565407952,-125.11332643308309,4.0,2007-01-08 20:12:48.389664411,3869
2533,31.679480147920163,-115.2565394857808,4.6,2007-01-08 00:19:45.379872000,3892
2534,31.671800706312222,-115.22297953765221,5.0,2007-01-08 00:20:08.699881097,3892
2532,33.6867014854734,-116.55298771698692,4.0,2007-01-08 00:32:54.191393376,3914
2533,31.53796976923499,-115.70661617395069,4.1,2007-01-08 11:08:07.259698000,3917
2532,37.9611274707365,-118.7839993426883,4.7,2007-01-08 10:11:45.836904921,3936
2533,31.888430932946484,-114.78986127265412,4.1,2007-01-08 03:43:03.418032000,3937
2532,37.11291628256703,-116.01792251055181,4.1,2007-01-08 12:13:00.587630753,3949
2533,34.442067531461305,-120.78534293118058,4.0,2007-01-08 21:03:43.665029000,3957
2532,40.10453750893798,-124.42043343142585,4.8,2007-01-08 13:50:35.126087540,4002
2533,40.099960504684475,-124.42133980840251,4.2,2007-01-08 18:38:33.275441081,4002
2532,40.260468886986864,-124.3924757029608,4.1,2007-01-08 10:48:55.254065413,4009
2533,35.08410992523163,-117.96599865229169,4.4,2007-01-08 07:30:43.868891000,4017
2534,35.26614780478932,-118.03787212097177,4.2,2007-01-08 07:31:55.919756128,4017
2533,38.76312396251453,-122.91160414739807,4.4,2007-01-08 14:13:01.575109000,4028
2533,35.755485930574665,-117.80010863699621,4.4,2007-01-08 06:10:42.854537000,4032
2532,33.25759874270405,-116.0659228903409,4.0,2007-01-08 21:09:17.355892774,4041
2533,33.195834443838784,-116.08284330091793,4.9,2007-01-08 21:36:37.888746130,4041
2533,34.53059651846664,-119.36037602501922,4.2,2007-01-08 00:28:23.811036000,4052
2533,40.94273220676957,-121.75891358433196,4.1,2007-01-08 20:23:24.866079000,4065
2533,39.28682343241615,-120.57458664857324,4.3,2007-01-08 07:30:28.540507000,4121
2532,34.69165588741171,-116.09842385373986,4.1,2007-01-08 11:23:55.546179595,4159
2533,34.671521855476186,-119.15582426169797,4.4,2007-01-08 15:43:52.073154000,4210
2533,37.297019862231906,-118.38996761294979,5.0,2007-01-08 23:55:27.204644000,4223
2533,38.77825308421821,-119.63273300828646,4.3,2007-01-08 21:59:38.577093000,4225
2532,33.717710304237485,-116.04120556951753,4.4,2007-01-08 01:47:40.701827028,4240
2533,33.51271465857865,-116.88044200659577,4.1,2007-01-08 16:03:41.037496000,4260
2533,38.04519139487005,-118.61923991539967,4.8,2007-01-08 11:10:19.919422000,4267
2534,38.04102192269748,-118.607191751454,4.3,2007-01-08 11:47:02.754010099,4267
2532,33.99761865612993,-116.7813614741567,4.5,2007-01-08 21:56:32.027260946,4285
2532,31.786997279827883,-116.31561272914225,4.1,2007-01-08 01:51:12.805140693,4287
2532,31.87088988814978,-116.31012438693931,4.7,2007-01-08 22:03:17.813199321,4289
2532,40.47736157145913,-125.34838850098222,4.3,2007-01-08 19:02:08.006838453,4305
2533,34.038539336953846,-117.69335138289544,4.5,2007-01-08 17:23:02.956960000,4310
2532,37.42690152373326,-121.71896040612319,4.2,2007-01-08 06:16:38.250650058,4314
2532,36.188812174820264,-120.24616571196846,4.0,2007-01-08 16:36:11.248421611,4425
2533,39.8866814370333,-120.66659839049612,4.1,2007-01-08 00:24:31.631833000,4438
2532,33.98166123593944,-117.23029216076164,4.3,2007-01-08 13:41:36.686205320,4475
2533,39.51831742774062,-124.9937025183148,4.0,2007-01-08 07:47:57.770344000,4480
2534,34.17157381155016,-119.43101459169233,4.1,2007-01-08 04:48:19.808908328,4480
2532,40.24030733658518,-124.21474625921233,4.5,2007-01-08 13:36:08.713860893,4486
2533,33.70129417353223,-116.7894813010551,4.3,2007-01-08 12:57:15.564025000,4492
2533,40.62242462674602,-124.43159133928015,4.0,2007-01-08 09:28:52.975673000,4501
2534,35.06907479907776,-118.6287967247549,4.7,2007-01-08 13:20:32.514863000,4501
2532,32.27242261878723,-115.20295631895227,4.5,2007-01-08 10:17:40.909854904,4502
2533,35.62236090335907,-117.65593951564662,4.1,2007-01-08 17:42:01.122731000,4584
2532,34.012549015943954,-116.78715278500334,5.4,2007-01-08 13:18:24.548823266,4586
2533,37.36054688461112,-117.9493568906282,4.4,2007-01-08 21:52:34.690763000,4590
2533,32.653069885854975,-115.9434575788043,4.1,2007-01-08 08:39:00.942417000,4595
2532,40.41521581781017,-125.07864590960692,4.4,2007-01-08 11:26:09.831121451,4628
2532,31.792754806228555,-116.32981752027806,4.0,2007-01-08 08:39:16.791781842,4630
2533,32.27693259508384,-116.48169187234905,4.1,2007-01-08 13:00:32.493084584,4630
2532,41.10936428115777,-124.89502712565789,4.4,2007-01-08 13:38:11.656475827,4652
2533,41.48687899874969,-123.48341753764826,4.4,2007-01-08 15:51:38.153583000,4659
2533,36.5478668270364,-121.99414893042244,4.0,2007-01-08 04:38:17.663379000,4662
2533,35.39743131381234,-118.09938431914871,4.1,2007-01-08 04:52:09.191943000,4712
2532,31.818375134500897,-116.2534832684744,4.1,2007-01-08 21:29:35.981874497,4724
2532,35.81376728498488,-120.3392838226461,4.2,2007-01-08 01:20:04.969679745,4725
2532,39.36668929259068,-123.28443485451224,4.1,2007-01-08 01:07:08.826448461,4749
2532,33.75455493200754,-116.8747783492866,4.1,2007-01-08 05:58:03.103323036,4762
2532,36.19845440120046,-120.26593315603691,4.1,2007-01-08 22:56:06.896965982,4770
2533,33.38277255532393,-118.26697445078547,4.4,2007-01-08 04:47:59.125905000,4771
2534,33.37560560806468,-118.28786523697563,4.1,2007-01-08 04:48:33.151430124,4771
2533,36.26534909382485,-120.5008312518939,5.2,2007-01-08 15:35:00.322794000,4777
2534,36.263240165973386,-120.50789196765872,4.1,2007-01-08 16:41:04.892964661,4777
2533,33.07291659920366,-116.47230187252573,4.3,2007-01-08 17:17:24.001701000,4781
2532,32.21905154338591,-115.80046942502045,5.6,2007-01-08 06:59:53.095741450,4836
2532,40.43585800699351,-125.07724587736554,4.7,2007-01-08 05:19:46.328865427,4846
2533,40.43383503306654,-125.06125597320512,4.3,2007-01-08 05:38:10.820937128,4846
2532,31.638706772904857,-115.5335738515191,4.2,2007-01-08 06:35:38.565009308,4864
2533,42.23685654419019,-120.18904031271231,4.4,2007-01-08 03:30:45.712439000,4885
2532,36.16838109911265,-120.31479040057917,4.2,2007-01-08 19:13:15.587300350,4937
2533,35.322327794242625,-118.76944804367204,4.0,2007-01-08 04:38:53.526868000,4960
2533,41.030291358888306,-123.4316890001566,4.3,2007-01-08 03:48:48.353652000,4981
2534,41.005589047345204,-123.43763102097694,4.3,2007-01-08 03:49:19.461132269,4981
2533,33.58115475019416,-119.27090532409116,5.5,2007-01-08 22:03:53.219212000,5014
2532,38.090173012685675,-118.87007009258413,4.5,2007-01-08 10:05:08.849893948,5027
2533,39.767100328869475,-120.67880127430459,4.7,2007-01-08 19:45:45.739153000,5033
2533,33.88615811574945,-117.70813997789966,5.1,2007-01-08 18:51:03.768633000,5036
2534,33.886713106721814,-117.71476305349583,4.3,2007-01-08 18:51:03.908501562,5036
2535,33.88547119973883,-117.72599982203738,4.0,2007-01-08 19:06:05.600022776,5036
2533,34.47435343794657,-119.13876638608443,4.7,2007-01-08 23:46:37.334761000,5043
2534,34.46594332560022,-119.11470559866993,4.1,2007-01-08 23:49:03.345409142,5043
2533,34.81692393050913,-121.23293692729982,4.2,2007-01-08 18:11:07.327465000,5062
2533,41.62760988334875,-120.55429478327865,5.5,2007-01-08 14:30:23.002544000,5070
2533,32.887745499948835,-118.1972933742171,6.7,2007-01-08 00:44:57.942265000,5080
2535,32.966245461354674,-118.30014281988451,4.1,2007-01-08 02:47:42.453999146,5080
2536,33.0035643238102,-118.23045067605243,4.1,2007-01-08 07:32:05.369695467,5080
2537,32.90514591159023,-118.20382082158918,4.0,2007-01-08 00:45:52.357352441,5080
2538,32.70491727843588,-118.23802969579933,4.2,2007-01-08 03:38:08.816594722,5080
2539,32.8859746163838,-118.20595639712495,4.6,2007-01-08 01:41:28.371588266,5080
2532,40.313051127425055,-124.44917481437805,4.7,2007-01-08 12:15:20.792592488,5088
2533,40.34127471775225,-124.46071144893715,4.1,2007-01-08 21:07:31.129704285,5088
2532,37.54197932476666,-118.42351236715884,4.2,2007-01-08 07:40:57.216622725,5092
2533,34.736037285755614,-118.98868200873585,4.1,2007-01-08 10:14:57.469576000,5094
2533,40.83258394564296,-121.62785518367258,4.2,2007-01-08 20:00:53.281432000,5096
2532,34.00486347175033,-116.35424846199182,4.0,2007-01-08 13:12:46.911025832,5119
2533,34.00695615098588,-116.35826248207603,4.0,2007-01-08 20:37:10.918216669,5119
2532,32.622250833630105,-116.31475088144128,4.1,2007-01-08 05:01:35.747787533,5150
2532,32.31424302742929,-115.21510602040354,4.3,2007-01-08 06:31:19.815551084,5163
2533,34.02978257338481,-117.39512857728454,5.1,2007-01-08 10:47:37.923884000,5167
2533,31.846756076465002,-116.54423246588514,4.9,2007-01-08 05:07:50.608713000,5187
2532,32.69023364870759,-116.06732216600732,4.9,2007-01-08 05:29:11.001127532,5193
2533,32.700581965911276,-116.06726839829052,5.2,2007-01-08 05:30:54.939751364,5193
2534,32.71308714916336,-116.07396131313187,4.7,2007-01-08 06:50:06.347623297,5193
2535,32.73333259639483,-116.0892874482101,4.0,2007-01-08 19:24:30.769029475,5193
2536,32.70161349975625,-116.09809001274276,4.1,2007-01-08 05:33:57.784397782,5193
2537,33.22387120469704,-117.34850965816428,4.3,2007-01-08 12:13:12.571319696,5193
2532,36.130701196647706,-118.04642564313869,4.3,2007-01-08 23:13:54.330717238,5194
2532,37.07786184498174,-115.97506368943297,4.1,2007-01-08 11:07:56.602025752,5222
2533,33.176740562495404,-117.67134846478433,4.0,2007-01-08 21:27:23.831010000,5229
2534,34.52333508407903,-116.27596061729103,4.2,2007-01-08 23:02:32.227841070,5229
2532,40.385967959705766,-125.67179592856455,4.1,2007-01-08 17:11:26.565899062,5245
2533,40.70946758559572,-125.4762730895038,4.1,2007-01-08 05:01:24.650300796,5245
2534,40.39765059579412,-125.6367503009217,5.1,2007-01-08 19:28:14.172031408,5245
2533,41.06377098961683,-125.2423572971354,4.2,2007-01-08 07:17:15.776984000,5262
2534,32.30935986372771,-115.25929933729653,5.1,2007-01-08 13:47:33.531835000,5262
2532,38.85865842143127,-122.78072692784164,4.1,2007-01-08 14:12:21.274984944,5290
2532,39.05069534867455,-123.5578819426405,4.0,2007-01-08 19:19:18.127055390,5311
2532,40.45138028879319,-125.7359801875476,4.8,2007-01-08 08:58:17.266465441,5320
2532,32.856205291176124,-115.52222705091104,4.2,2007-01-08 19:13:58.560936567,5321
2533,31.86962271177782,-114.83594963540756,5.0,2007-01-08 03:31:03.516407000,5333
2534,31.863314538337296,-114.83973185235881,4.1,2007-01-08 04:15:56.782669890,5333
2535,31.470468390779313,-115.09147248708615,4.1,2007-01-08 03:34:37.309166789,5333
2536,31.910055425850974,-114.84656764526258,4.2,2007-01-08 07:51:33.039212596,5333
2537,31.870330406576613,-114.83037237332684,4.0,2007-01-08 04:26:22.203145167,5333
2532,33.87438720172016,-116.2274118294903,4.0,2007-01-08 15:52:33.155191859,5335
2533,37.212329612034644,-116.28310681675873,4.2,2007-01-08 17:26:25.641902000,5362
2533,38.80878341613165,-118.48199341966534,4.3,2007-01-08 01:50:37.237845000,5407
2532,38.04964579757194,-119.10715158751441,4.1,2007-01-08 00:00:10.864511341,5441
2532,31.77638493504023,-116.31536418535644,4.1,2007-01-08 21:53:36.713126992,5462
2533,31.9540278225012,-116.38094412283664,4.4,2007-01-08 22:29:23.102454000,5483
2532,38.86009753985681,-122.86106477397618,4.1,2007-01-08 06:47:38.831200765,5488
2533,40.467636295862945,-122.4624938387196,4.1,2007-01-08 21:10:40.506336000,5512
2532,40.443462568392775,-125.34962683205393,4.0,2007-01-08 06:20:24.097213929,5517
2532,40.61553808204513,-122.39574381886591,6.6,2007-01-08 06:43:34.512240145,5549
2533,40.663073884455734,-122.29366540801142,4.4,2007-01-08 07:04:07.375096471,5549
2534,40.6725114487335,-122.3709580650505,4.7,2007-01-08 12:09:36.851172316,5549
2535,40.67162887013122,-122.33724012297898,4.7,2007-01-08 19:24:48.915505780,5549
2536,40.66455364117339,-122.32883909780838,4.3,2007-01-08 19:33:32.816781060,5549
2533,37.88928854676548,-122.20664651105041,4.4,2007-01-08 00:08:07.149614000,5552
2532,40.38781183282664,-125.01279710711438,4.6,2007-01-08 20:27:39.262375395,5568
2533,40.27721440387974,-124.91465526239848,4.1,2007-01-08 20:27:53.818928603,5568
2532,40.41141399337099,-125.07038558401082,4.6,2007-01-08 06:47:44.254784713,5569
2533,35.85045762616654,-120.89716062597964,4.0,2007-01-08 16:19:54.762894000,5587
2532,40.38093278822472,-124.50342039238662,4.2,2007-01-08 18:07:54.672010963,5591
2532,31.84260808712246,-116.36635827240008,4.0,2007-01-08 23:24:43.477252084,5598
2532,34.30564271820827,-116.84604477045653,4.3,2007-01-08 03:27:43.495007455,5600
2533,40.851603391162385,-121.51607023262191,4.0,2007-01-08 06:49:31.214804000,5603
2532,38.85318038686075,-122.79153356442755,6.4,2007-01-08 04:23:36.926738312,5610
2533,38.89265855470351,-122.79855967168866,4.6,2007-01-08 04:27:05.299514843,5610
2534,38.858234735250775,-122.80147380760539,4.1,2007-01-08 04:36:12.552398138,5610
2532,32.6618948356673,-116.0735315068859,4.1,2007-01-08 04:07:02.506987878,5617
2532,36.49485809860873,-116.91332251126896,4.0,2007-01-08 19:51:36.896780939,5618
2533,32.44895282524422,-118.10615898610973,4.0,2007-01-08 12:59:07.932369000,5659
2532,33.719653384913414,-116.05799006125817,4.8,2007-01-08 17:08:22.754628478,5678
2533,33.719732656929516,-116.05434694032998,4.2,2007-01-08 17:20:12.463684582,5678
2532,35.05441524940728,-118.99588702645543,4.2,2007-01-08 06:26:10.916941262,5679
2532,37.66592720980806,-118.90060759785463,4.4,2007-01-08 05:15:40.166238273,5695
2533,37.870859675516606,-118.7079927112318,4.0,2007-01-08 06:33:16.444667838,5695
2534,37.65962994816872,-118.8739201599278,4.3,2007-01-08 09:19:48.852389727,5695
2532,40.41389390380628,-125.0708854369941,4.4,2007-01-08 05:14:03.305809302,5708
2532,40.40686995647648,-125.07071311209545,4.6,2007-01-08 15:57:54.717946905,5727
2533,39.12807688296189,-123.82878483553463,4.2,2007-01-08 21:40:42.739955000,5735
2532,33.42361010350992,-116.38973059518123,4.6,2007-01-08 18:33:47.045838850,5761
2533,37.57045999301558,-117.46837319915655,4.0,2007-01-08 17:41:44.271053000,5764
2533,31.583112786209877,-115.5749985659633,4.0,2007-01-08 20:19:26.459957000,5769
2532,34.21398156421838,-116.98319972610807,4.1,2007-01-08 21:04:30.897932385,5770
2532,33.712958531050724,-116.03797834356071,4.6,2007-01-08 18:33:07.871757272,5793
2533,35.354460126154216,-119.16236650878989,4.3,2007-01-08 15:58:47.918774000,5801
2532,32.16446577268338,-115.4220120646884,4.0,2007-01-08 05:14:06.721693165,5817
2532,31.76192869653659,-116.26823239708732,4.0,2007-01-08 00:42:53.475296315,5820
2533,31.769504878652036,-116.25933968830411,4.0,2007-01-08 00:47:57.356700295,5820
2533,40.763563016305845,-124.24626934086287,4.3,2007-01-08 20:26:06.305553000,5830
2533,40.3692573972634,-122.17479790447095,4.5,2007-01-08 22:34:14.437104000,5850
2532,35.92670692274018,-120.46471821218455,4.0,2007-01-08 08:15:07.549882875,5853
2532,40.434945286837745,-125.43840689595787,4.0,2007-01-08 16:24:44.319968724,5856
2533,33.75912201910251,-119.40651511223554,4.0,2007-01-08 20:10:39.199176000,5857
2533,38.52328177213685,-118.3157403577853,4.0,2007-01-08 07:20:41.873611000,5877
2533,33.59762280440358,-120.0908630833128,4.5,2007-01-08 17:21:27.443674000,5897
2532,40.52129457265136,-125.07259179125991,4.3,2007-01-08 05:38:59.324998551,5901
2532,36.16783266937912,-120.3002187140673,4.1,2007-01-08 02:52:50.277973551,5902
2533,37.91934364432411,-118.75418097131801,4.2,2007-01-08 18:58:42.341737000,5908
2533,37.02309354978253,-122.40938920640286,4.1,2007-01-08 02:03:32.456092000,5920
2533,38.624043107789376,-122.31198199823824,4.0,2007-01-08 05:30:14.731542000,5970
2533,39.55969766732834,-123.61417053152007,4.6,2007-01-08 20:35:02.262002000,5974
2532,35.57253368966452,-120.25148700052381,4.2,2007-01-08 02:15:21.222153439,5988
2533,38.72194133531835,-119.66493701042442,4.3,2007-01-08 12:05:19.029284000,5994
2534,38.71774658147724,-119.66441452432986,4.1,2007-01-08 12:13:27.192315205,5994
2532,32.79760679407116,-115.91432196482175,4.6,2007-01-08 21:42:51.437894858,6013
2532,32.7975900627543,-116.07104360883204,4.2,2007-01-08 12:23:21.071106024,6016
2533,40.437683078938115,-125.00908653144927,5.4,2007-01-08 02:05:48.600630507,6016
2534,40.470996826032255,-125.01194106095154,4.0,2007-01-08 03:05:09.621267529,6016
2533,31.68523448058463,-115.63568448709725,4.1,2007-01-08 05:41:38.459945000,6017
2532,31.79619597810773,-116.25986978602121,5.1,2007-01-08 19:18:30.976868852,6018
2533,31.79797702127464,-116.26017848374725,5.0,2007-01-08 19:21:17.729210883,6018
2533,37.40062155886716,-115.88458534190904,4.6,2007-01-08 23:49:35.201560000,6029
2533,33.90395348714593,-117.05791647192046,4.2,2007-01-08 13:59:35.588011000,6030
2532,32.31579556429138,-115.26710954038072,4.2,2007-01-08 01:24:18.655267860,6084
2533,32.30790986682179,-115.26056306025738,4.2,2007-01-08 01:40:45.337271052,6084
2534,32.299922540049124,-115.25149054327677,4.3,2007-01-08 01:41:53.066519723,6084
2532,34.35082575696499,-116.79605863059227,4.5,2007-01-08 00:53:59.218612039,6093
2533,34.34604245405515,-116.77259371599713,4.5,2007-01-08 11:35:48.829312898,6093
2533,33.53912684790301,-118.33819463222012,4.1,2007-01-08 22:44:35.157479000,6108
2532,37.57850161093281,-118.806520640691,4.0,2007-01-08 12:53:36.450486383,6113
2532,36.71210512458813,-121.33977705545401,4.4,2007-01-08 18:54:44.149651155,6114
2532,34.329971084926164,-118.65415568810592,4.8,2007-01-08 05:16:11.397044348,6119
2533,34.304808748328014,-118.70644171220894,4.1,2007-01-08 15:26:32.947647946,6119
2532,34.33559384118727,-118.39249080409365,5.0,2007-01-08 19:11:46.244257254,6135
2532,40.813850669230284,-123.94018467728276,4.0,2007-01-08 13:04:31.364297400,6196
2533,38.889587885662834,-122.79740620121727,4.3,2007-01-08 22:07:56.987900978,6196
2533,34.82630291132407,-119.87371149594628,4.0,2007-01-08 00:30:14.820591000,6204
2533,40.53619586926553,-125.35565681506829,5.0,2007-01-08 19:23:36.511201000,6220
2532,38.72109727889755,-122.90914245122016,4.3,2007-01-08 04:05:07.108465162,6236
2533,36.670420862750355,-121.7445727467942,4.4,2007-01-08 17:01:36.346262000,6253
2533,37.501117941124626,-117.05587537160575,4.1,2007-01-08 06:39:41.106210000,6255
2533,32.51665243315798,-115.1177269568285,4.3,2007-01-08 10:50:56.268676000,6290
2533,40.38741004223261,-125.00145909341555,4.0,2007-01-08 06:20:33.119886000,6328
2533,36.75946164388471,-121.59182077401108,4.5,2007-01-08 00:59:35.377114000,6331
2532,36.16557854983744,-119.9273723345492,4.8,2007-01-08 10:42:55.268888054,6334
2533,36.16654135137078,-119.92491080572992,4.6,2007-01-08 10:46:09.596993343,6334
2533,40.19567709131267,-125.02817545108199,4.2,2007-01-08 23:02:20.486403000,6360
2532,38.2094705675236,-118.79277338336733,4.2,2007-01-08 13:42:33.333725902,6362
2533,37.25066831650573,-118.57275424022697,4.7,2007-01-08 11:03:21.480743000,6371
2533,33.669448157319295,-119.29569219692156,4.1,2007-01-08 07:12:36.339870000,6379
2532,31.86666823202048,-116.31042318438028,5.6,2007-01-08 21:26:25.803545922,6380
2533,31.8947800561735,-116.34577521127025,4.3,2007-01-08 21:40:06.794685471,6380
2532,36.16951457864205,-120.27746686767358,4.0,2007-01-08 05:58:28.029368650,6388
2532,40.65043934838604,-125.18954719726658,4.2,2007-01-08 18:43:39.047483150,6396
2533,40.74218081217358,-124.5972329340547,5.2,2007-01-08 19:18:28.241908000,6397
2532,36.09502944024423,-118.07586500455572,4.3,2007-01-08 08:27:05.160599769,6404
2532,34.6907239243456,-118.7199276265711,4.0,2007-01-08 11:25:40.057959595,6451
2532,33.25529950594343,-116.05786072255404,4.2,2007-01-08 00:34:08.928749904,6458
2532,36.87445081225009,-116.00335131802312,4.0,2007-01-08 02:59:35.766418915,6472
2533,41.064975566495505,-125.1344178923729,4.5,2007-01-08 10:32:53.373025000,6473
2532,40.45188865091612,-125.27509026067861,4.5,2007-01-08 16:12:35.749938960,6477
2532,40.41830390242186,-125.07298603324962,4.3,2007-01-08 08:45:10.201269726,6500
2532,34.53572667295506,-116.2121322726035,4.0,2007-01-08 05:43:09.046775099,6508
2532,36.814290153408294,-121.5419642942677,4.5,2007-01-08 06:19:24.298161356,6529
2533,36.81018645371142,-121.5492974979698,4.2,2007-01-08 06:22:13.103326814,6529
2534,36.78412108496343,-121.55739202275151,4.4,2007-01-08 06:42:23.263907224,6529
2533,35.781447793953866,-121.29138712073241,5.8,2007-01-08 13:23:00.106821000,6538
2533,37.00792271550388,-122.40301772377934,4.6,2007-01-08 22:57:44.595429000,6579
2532,31.823502580193924,-116.34937661676196,4.9,2007-01-08 03:00:41.924323670,6591
2532,40.42487480360844,-125.06570521247986,4.1,2007-01-08 13:37:16.727474133,6598
2532,40.377371954534155,-125.06804818317946,4.0,2007-01-08 16:20:06.020005274,6617
2533,34.012035391958904,-117.69368472379925,4.4,2007-01-08 14:12:22.195641000,6629
2534,34.006398297069225,-117.68616757880893,4.0,2007-01-08 19:27:15.530530382,6629
2533,37.295944897890955,-117.79055807373645,4.4,2007-01-08 11:49:18.400254000,6633
2533,42.298843738941535,-122.25802803472206,4.2,2007-01-08 02:31:27.815099000,6652
2533,36.69620956273838,-120.88842634109731,4.5,2007-01-08 01:17:57.102440000,6662
2533,40.620090009845896,-125.35206397019611,4.4,2007-01-08 15:12:55.821601000,6672
2534,31.4519738402979,-115.87102392716626,4.0,2007-01-08 18:05:07.250662000,6672
2535,40.64415196145796,-125.32039149174408,4.5,2007-01-08 17:24:22.841758264,6672
2532,34.04482024209283,-117.04054136167667,4.3,2007-01-08 02:02:27.192579640,6679
2533,36.0876057761809,-117.95090172615251,4.4,2007-01-08 02:27:22.454695000,6684
2532,34.61012588381627,-116.2448876641045,4.4,2007-01-08 19:17:14.893245010,6720
2533,38.857126824389475,-122.8515596651701,4.2,2007-01-08 15:51:14.442743982,6720
2533,33.06259097954604,-116.82885235480863,5.4,2007-01-08 08:31:00.756247000,6723
2533,34.042127509144166,-117.41840484393643,4.5,2007-01-08 01:17:02.844437000,6731
2533,32.96401220246328,-118.01103071813628,4.7,2007-01-08 07:10:20.206059000,6735
2532,34.22341300384214,-118.42534670622386,4.1,2007-01-08 04:32:08.127631047,6739
2532,37.110007512192674,-121.50802677318227,4.0,2007-01-08 00:27:27.092609636,6781
2532,36.82131997916986,-121.38587980223376,5.2,2007-01-08 03:20:45.023468699,6798
2533,37.000286970341286,-114.94971227520514,4.0,2007-01-08 21:36:19.552491000,6807
2534,36.99383652655686,-114.93993850363304,5.6,2007-01-08 23:13:37.996781975,6807
2535,36.99318435098697,-114.95084069104313,4.1,2007-01-08 23:20:36.631180708,6807
2532,34.06607351689066,-119.70795248149933,4.2,2007-01-08 06:45:37.620960776,6818
2533,32.45783022687578,-115.25283610152233,5.1,2007-01-08 08:54:09.647053000,6824
2532,36.18492763328661,-120.26531052202435,4.0,2007-01-08 03:00:46.443433036,6848
2533,38.19195573578592,-118.79542755094653,5.3,2007-01-08 03:51:31.560107000,6857
2534,38.21282032369204,-118.75511996531532,4.2,2007-01-08 07:26:54.959318540,6857
2535,38.27994971988322,-118.7151185430413,4.1,2007-01-08 07:27:33.941874078,6857
2533,31.840861735331476,-115.94415118462952,4.1,2007-01-08 11:41:36.006786000,6869
2534,31.82898682143234,-115.92161191338273,4.0,2007-01-08 11:42:55.218674737,6869
2532,37.35410045249751,-117.11658220609226,4.6,2007-01-08 02:32:43.402797766,6876
2532,40.44015631512148,-125.04883279322286,4.1,2007-01-08 20:02:36.492781200,6877
2532,36.94707369501302,-117.52440041649811,4.8,2007-01-08 11:10:48.714083855,6911
2532,37.695279126717125,-118.73946934348764,4.0,2007-01-08 21:45:51.644718709,6914
2533,39.84437330632528,-120.57362172856647,4.2,2007-01-08 01:14:50.996171000,6915
2532,33.69451385843512,-116.07245345879006,4.1,2007-01-08 07:56:08.152976995,6924
2533,35.413358816837835,-115.53405664541592,4.1,2007-01-08 08:06:31.813239544,6924
2532,36.67112858552494,-121.31816262897988,4.0,2007-01-08 13:54:15.608478418,6993
2532,37.994906018804045,-118.71385968914973,4.0,2007-01-08 00:15:44.844439447,7010
2533,35.96142045311563,-118.411425486317,4.2,2007-01-08 12:37:28.970167000,7018
2532,40.29347888800682,-124.58639636256929,5.1,2007-01-08 00:50:41.584337045,7019
2532,40.43689174056303,-125.06875322931853,4.2,2007-01-08 18:06:59.403127363,7041
2533,39.29677392468991,-119.79853703546407,5.0,2007-01-08 01:44:11.777929000,7083
2533,36.54301064041235,-120.91577763268606,4.1,2007-01-08 06:09:18.222815000,7106
2532,40.314613608860384,-121.9632802986437,4.1,2007-01-08 13:15:24.542982028,7111
2532,32.3281923290943,-115.17115791535825,4.0,2007-01-08 11:03:20.062053512,7118
2532,32.81990915466977,-115.99603664896112,4.1,2007-01-08 05:13:48.315090008,7235
2533,32.81801449877923,-116.00526405087409,4.2,2007-01-08 05:15:36.019658228,7235
2532,37.23479853127087,-121.75782041252303,4.1,2007-01-08 19:07:20.861124398,7254
2533,35.56451545400864,-119.71011625183188,4.0,2007-01-08 16:11:01.416806000,7285
2534,35.57346813012917,-119.70894039548355,4.6,2007-01-08 16:11:57.383758764,7285
2533,33.158272866504774,-116.13470744451433,4.0,2007-01-08 09:07:29.879694000,7287
2532,37.9209686207409,-118.1520538633331,4.2,2007-01-08 16:21:29.472784887,7293
2532,35.74899941706906,-121.08127604784757,4.4,2007-01-08 01:13:01.911478470,7294
2532,37.514498353986795,-118.82077248006397,5.1,2007-01-08 08:37:17.223411706,7295
2533,37.526025396649004,-118.79628352770463,4.9,2007-01-08 20:41:08.560523708,7295
2534,37.507497145201874,-119.10140706162832,5.0,2007-01-08 20:54:20.989934717,7295
2532,31.87008293639069,-116.34387693376604,4.1,2007-01-08 23:55:17.560508532,7301
2533,32.801896182423214,-115.92361553242299,4.1,2007-01-08 03:18:07.081986000,7302
2534,32.778906652348006,-115.93102860177108,4.3,2007-01-08 03:18:23.194173722,7302
2532,32.65186394870281,-115.97445719938361,4.3,2007-01-08 01:30:22.534662696,7330
2533,32.65682565432031,-115.96331320146095,4.1,2007-01-08 06:28:51.753065247,7330
2534,32.6668682395413,-115.95330207133766,4.0,2007-01-08 08:37:59.037870426,7330
2533,32.698106567743295,-115.98893996708858,5.1,2007-01-08 08:45:38.555997000,7337
2532,40.38345450571398,-125.05844016516892,4.1,2007-01-08 08:12:02.012263954,7341
2532,32.36218756259711,-117.8854845891125,4.1,2007-01-08 10:02:10.126741952,7351
2532,37.03921068069357,-115.13869971371032,4.0,2007-01-08 20:49:53.995779388,7356
2533,37.148403350840496,-115.11911466767265,5.0,2007-01-08 20:51:44.398223732,7356
2532,40.406304451881866,-125.07732855470402,4.8,2007-01-08 13:40:43.220302285,7366
2533,35.43559698669098,-117.30377610180693,4.3,2007-01-08 15:18:05.884022000,7379
2532,40.43022191411119,-125.05760570726744,4.1,2007-01-08 02:49:23.933689893,7397
2532,34.410981925193184,-116.3001991534048,5.2,2007-01-08 04:52:55.587384937,7408
2532,34.23909987554893,-116.84527089891975,4.2,2007-01-08 22:47:12.286341639,7422
2533,41.0032088340736,-122.97414064751044,4.6,2007-01-08 02:54:34.755499000,7439
2532,39.465548671622884,-122.85508669519488,4.3,2007-01-08 23:35:25.150941371,7452
2533,37.171304083994144,-116.98667330235521,4.1,2007-01-08 16:34:30.318031000,7466
2534,37.16743017075863,-116.96047823864481,4.0,2007-01-08 16:34:45.897592504,7466
2532,36.12976363820926,-118.04314033723342,4.8,2007-01-08 19:48:01.920028996,7503
2533,39.19534863730873,-123.84696972448874,4.0,2007-01-08 23:15:13.374133000,7516
2533,34.645155944531815,-116.48468824354333,4.7,2007-01-08 01:57:52.342453000,7535
2532,31.790589398346523,-116.31354369001059,4.1,2007-01-08 18:24:26.251359835,7573
2532,36.09247592761628,-120.9432899486865,4.3,2007-01-08 04:14:29.620491402,7590
2532,39.191719029315436,-120.07775532107819,4.5,2007-01-08 11:31:00.255413522,7593
2533,32.94792032683565,-118.69514011065792,4.2,2007-01-08 21:28:24.754170,7645
2532,31.65943590500843,-115.96045107329412,4.0,2007-01-08 17:17:06.280447005,7709
2532,33.07482726822775,-115.7918559275141,4.0,2007-01-08 13:51:28.006699921,7724
2532,34.61540499261606,-116.322023043784,4.8,2007-01-08 14:43:30.794529075,7742
2533,34.63222382349553,-116.33455367993633,5.1,2007-01-08 14:53:13.874936182,7742
2532,34.07841447959472,-117.06597852902908,4.0,2007-01-08 15:03:00.992444660,7746
2533,33.33116432548362,-116.0718580599157,4.5,2007-01-08 15:03:17.313598748,7746
2534,33.34549332595838,-116.11169774404169,4.2,2007-01-08 15:05:44.044433312,7746
2532,31.799167792790904,-116.28942335062305,4.0,2007-01-08 22:18:28.527619321,7760
2532,40.34938053047067,-122.15571235346417,4.0,2007-01-08 09:18:31.819067748,7801
2532,31.785591589701326,-116.31470504426086,4.2,2007-01-08 17:20:57.862237972,7832
2532,32.6566949915251,-116.07961147175534,4.5,2007-01-08 23:38:28.216943935,7890
2533,32.65523242906677,-116.07794659117084,4.2,2007-01-08 23:39:21.596055805,7890
2532,40.40402779506167,-125.37717406675787,4.6,2007-01-08 19:03:52.590771900,7892
2532,40.702397725503545,-123.8765611433114,4.0,2007-01-08 14:50:02.125856740,7902
2532,32.35690866323564,-115.20312347249224,4.0,2007-01-08 07:36:12.608069641,7916
2533,37.67098979396872,-122.17463717528334,4.0,2007-01-08 15:01:57.972379000,7920
2533,41.22713876361129,-118.54562735618812,4.8,2007-01-08 21:32:13.759134000,7924
2533,35.914608284624364,-121.55412021295335,4.1,2007-01-08 12:39:44.326267000,7943
2534,35.94172650312434,-121.53072331932523,4.3,2007-01-08 13:02:13.589797616,7943
2532,37.41923679831868,-117.05746105674339,5.1,2007-01-08 03:24:20.281928860,7951
2533,37.01280516080746,-114.98006552436149,5.2,2007-01-08 22:25:25.491914000,7963
2532,35.73369434042347,-121.0788394319207,4.3,2007-01-08 07:55:11.462083678,7968
2533,36.69162955432599,-120.93716001461624,4.0,2007-01-08 11:28:10.342676000,7976
2534,36.712036981114046,-120.95288030239637,4.1,2007-01-08 11:29:40.375331358,7976
2532,31.80062288970672,-116.30730058599443,4.4,2007-01-08 15:56:26.744319639,7977
2532,33.213503433521815,-116.21469008756395,4.2,2007-01-08 04:31:40.422341387,7999
2532,41.51796841899863,-125.78809491760238,4.4,2007-01-08 02:22:30.071220408,8004
2532,32.375902452638265,-115.26030959247812,4.4,2007-01-08 16:07:27.164550242,8017
2532,33.255082744824264,-115.57786509338978,5.1,2007-01-08 15:57:20.920883942,8044
2533,38.38928133991675,-118.35422437315417,4.4,2007-01-08 05:00:47.271255000,8051
2533,31.391337659293445,-115.50670834572291,4.1,2007-01-08 05:48:20.612118000,8055
2534,31.390144471807908,-115.51209528838322,4.2,2007-01-08 06:04:30.701879931,8055
2532,35.17477309668347,-118.06301914157298,4.1,2007-01-08 19:19:29.230008835,8077
2533,31.568345817381307,-116.06015118413414,4.0,2007-01-08 19:23:16.448190000,8086
2532,34.79292052194088,-116.1775774576229,4.2,2007-01-08 12:29:19.627826928,8114
2533,39.10642492639353,-119.75428935832134,4.3,2007-01-08 04:23:52.352007000,8118
2532,39.321973679257646,-120.10350239972303,4.0,2007-01-08 10:29:02.507063044,8133
2533,39.32331546881563,-120.0904481452794,4.1,2007-01-08 10:40:14.807137892,8133
2532,36.15398169910723,-120.27764704672556,4.1,2007-01-08 10:49:22.707451524,8155
2532,32.3101412944532,-115.20356495512438,4.0,2007-01-08 04:38:28.772934624,8159
2533,32.30170765791672,-115.22516040966804,5.4,2007-01-08 04:59:10.494806232,8159
2534,32.56631609415569,-115.38585307119958,4.9,2007-01-08 06:28:39.186972734,8159
2532,33.13644401163654,-115.6558067033502,4.0,2007-01-08 21:49:31.061101320,8160
2533,35.778782950733856,-118.5434063957268,4.0,2007-01-08 02:28:48.304621000,8181
2532,36.178221840298235,-120.291095181142,4.1,2007-01-08 00:35:20.931110550,8190
2533,41.397586316005814,-125.62245708760095,4.4,2007-01-08 20:23:23.630826000,8231
2532,37.393616254951354,-117.9292457425477,4.2,2007-01-08 12:22:42.692453537,8249
2532,37.49619563004636,-118.39241178036856,4.1,2007-01-08 07:57:00.389957607,8290
2533,34.37895469619846,-118.45141903845067,4.3,2007-01-08 18:58:03.444490646,8290
2534,41.43004443662705,-125.71256614379473,6.1,2007-01-08 11:37:01.627540099,8290
2532,32.366744478063154,-115.46568285900632,4.5,2007-01-08 17:47:59.108048092,8300
2533,36.85200909932879,-120.9007932211684,4.6,2007-01-08 22:17:33.753243000,8335
2533,36.40939883206814,-118.14653014017694,4.3,2007-01-08 13:15:11.866619000,8347
2533,41.377308714643966,-120.5470236971837,4.5,2007-01-08 15:04:44.882480000,8348
2532,39.36372363727103,-123.2917031643692,4.6,2007-01-08 07:15:56.242962044,8362
2533,39.39233102563668,-123.3016746246496,4.7,2007-01-08 07:24:13.249745280,8362
2533,33.426810778025036,-116.48441417131728,5.3,2007-01-08 07:03:20.652255000,8378
2534,33.41981454465672,-116.48111986705685,4.1,2007-01-08 07:04:27.159609616,8378
2532,35.801033390943566,-118.04290934970234,4.9,2007-01-08 23:20:50.891097686,8382
2533,38.150698169902306,-117.90498991818477,5.2,2007-01-08 19:34:57.815075000,8397
2532,40.429092438113884,-125.15783730856813,4.2,2007-01-08 14:57:37.279149776,8416
2532,38.831221744216364,-122.89461262581985,4.2,2007-01-08 18:56:46.913505777,8417
2533,35.22198900595801,-118.61773253026325,4.0,2007-01-08 21:01:48.639824000,8422
2534,35.2175775842623,-118.63132052870687,4.9,2007-01-08 21:21:16.643633262,8422
2532,33.71204589235148,-116.0695310752398,4.0,2007-01-08 11:43:02.092460660,8423
2533,35.53897864210584,-119.00992077045923,4.2,2007-01-08 04:18:24.616403000,8430
2533,34.343773261342776,-117.02669739061737,5.1,2007-01-08 06:56:22.510470000,8433
2534,34.244053351902906,-120.20403538195687,4.6,2007-01-08 02:46:11.583353261,8433
2532,31.777298937950924,-116.31803451710209,4.6,2007-01-08 22:59:53.315494571,8434
2532,31.825318665250958,-116.34498062620371,4.5,2007-01-08 08:42:55.979934257,8440
2532,40.41539638843227,-125.488409120518,5.3,2007-01-08 16:47:35.028016160,8441
2532,33.163398353864565,-115.56092154708826,4.5,2007-01-08 01:55:09.672350636,8447
2532,37.57293112265853,-118.87955619008092,4.6,2007-01-08 05:57:10.013367310,8451
2533,40.91008856463757,-121.73718909221603,4.1,2007-01-08 14:33:27.727283000,8476
2532,36.92967638653584,-121.63457192865472,4.1,2007-01-08 05:19:04.236663876,8479
2533,36.93084280266705,-121.60972852408449,4.4,2007-01-08 09:23:34.970944042,8479
2532,34.31038487902487,-118.45747695604499,4.0,2007-01-08 23:14:16.628073673,8485
2533,37.86854093109271,-122.11220006734008,4.0,2007-01-08 17:37:28.498964000,8503
2534,37.877318869803744,-122.09936293640479,4.1,2007-01-08 17:38:00.982849880,8503
2533,33.03508089175481,-116.78381655941357,4.3,2007-01-08 04:02:11.395723000,8512
2533,38.0195464080421,-122.81065332079883,5.1,2007-01-08 19:47:09.054930000,8532
2532,33.29840668850282,-115.69297696790393,4.2,2007-01-08 16:39:26.042220139,8546
2532,33.73608375207511,-116.05440512897088,4.0,2007-01-08 12:55:44.864888038,8619
2532,37.19912519784407,-122.05714448670284,4.3,2007-01-08 00:23:03.318603775,8629
2533,37.225809309091886,-121.98017168583242,4.3,2007-01-08 03:40:19.866651499,8629
2532,38.80946193946313,-122.78088831336875,4.3,2007-01-08 22:11:06.161425728,8653
2532,40.350355033961435,-124.47058912833197,4.9,2007-01-08 19:08:25.464042085,8670
2533,39.67404690283778,-123.54921066358244,4.4,2007-01-08 19:09:11.518245461,8670
2532,32.91406106381467,-115.54599861350098,4.1,2007-01-08 17:40:15.025297338,8679
2532,40.5783104166495,-122.32695524632474,4.4,2007-01-08 05:27:44.359925013,8687
2532,34.85245133497196,-116.35862646874533,4.0,2007-01-08 10:36:46.198126303,8688
2532,40.74680078190598,-124.31950450317133,4.1,2007-01-08 18:37:45.960934594,8708
2532,36.18462128726192,-120.28088861339336,4.3,2007-01-08 11:22:29.889479028,8710
2533,40.68969785356718,-123.88460536658572,4.7,2007-01-08 23:32:42.739055000,8730
2532,36.11076083033351,-120.60025158299742,4.0,2007-01-08 12:55:52.179971935,8743
2532,40.41516183771517,-125.07833234256572,4.0,2007-01-08 22:46:49.166835804,8746
2532,38.005068943189904,-118.6665236281396,4.3,2007-01-08 19:28:30.846703838,8762
2532,38.80278998718593,-122.80500879598871,4.0,2007-01-08 20:38:52.776743346,8788
2532,32.83047099208928,-115.93766405426784,4.1,2007-01-08 10:56:19.081627601,8801
2532,32.73120813984357,-118.28563274508484,4.4,2007-01-08 01:45:54.586607079,8802
2532,33.269551064178685,-115.64937261269523,4.3,2007-01-08 05:41:27.352106516,8803
2532,34.576589885538226,-116.18526320165041,4.1,2007-01-08 09:46:17.831644960,8808
2532,39.359188567965106,-123.27547524405317,4.0,2007-01-08 11:29:12.283137125,8812
2532,31.78591004621779,-116.31192892138617,4.3,2007-01-08 14:06:00.646763041,8830
2532,35.03962560814663,-119.01327711205397,4.4,2007-01-08 10:44:32.162305068,8848
2532,36.62395190864732,-121.2690422766041,5.0,2007-01-08 20:17:21.471304753,8872
2533,36.61737178986365,-121.26430019565242,4.4,2007-01-08 20:31:00.579922144,8872
2533,39.414093857286815,-120.5043488220322,4.2,2007-01-08 12:30:24.125409000,8886
2532,38.85819312904366,-122.76514081021521,4.3,2007-01-08 13:46:11.449193004,8892
2532,32.77095430230444,-115.73065054468046,4.9,2007-01-08 07:20:29.505375076,8913
2533,32.751282024786626,-115.73911192566764,4.4,2007-01-08 08:08:08.764697368,8913
2534,32.74288677899334,-115.73125348285191,4.1,2007-01-08 11:16:33.954038915,8913
2532,34.5824872646283,-116.33816642320068,4.8,2007-01-08 16:27:08.156116533,8918
2533,37.12747747780031,-117.78111938669738,4.9,2007-01-08 11:09:47.013595000,8942
2533,34.064012001668445,-116.54337682370357,4.7,2007-01-08 03:06:47.056660000,8974
2533,33.477749369790224,-116.37162814068185,4.0,2007-01-08 20:07:51.078113000,8984
2533,37.02421992681801,-116.37844697861392,4.0,2007-01-08 13:03:39.552916000,8994
2534,37.05255758365909,-116.60078445593524,4.2,2007-01-08 13:06:02.079483934,8994
2533,38.69678937812894,-122.7313118654411,4.3,2007-01-08 03:11:59.074224000,9001
2534,32.69878628215298,-116.04275983451991,4.9,2007-01-08 00:38:56.812913480,9001
2535,32.71172809514341,-116.05194634392264,4.8,2007-01-08 00:41:13.258862485,9001
2536,32.68674002003518,-116.06626734307801,4.0,2007-01-08 03:24:58.635442433,9001
2537,32.74895473673817,-116.05325252491062,4.6,2007-01-08 11:17:20.126326519,9001
2532,35.68665970485481,-121.11967563117666,4.1,2007-01-08 10:42:29.544983757,9022
2533,37.71417790182135,-116.18788562203765,4.1,2007-01-08 06:26:32.021519000,9040
2532,34.07625453382001,-116.9941229989315,5.6,2007-01-08 05:01:30.783669668,9043
2533,33.857806124593495,-116.54534484669308,4.2,2007-01-08 05:52:30.727463274,9043
2533,36.565814604525045,-120.56765083597844,4.0,2007-01-08 20:35:25.854500000,9044
2532,34.1198563290021,-116.4054693044609,4.2,2007-01-08 13:29:09.637075807,9047
2533,34.09304275225612,-116.39092765701996,4.2,2007-01-08 16:33:18.035575384,9047
2534,34.06447770659359,-116.43423065553729,4.0,2007-01-08 16:33:52.893721091,9047
2532,31.83711144829154,-116.37427741084936,4.0,2007-01-08 05:44:47.333861384,9067
2532,32.22780946446463,-115.77552394723311,4.0,2007-01-08 22:15:32.058952032,9068
2532,33.711969807396784,-116.04184697614495,4.4,2007-01-08 22:48:56.788798924,9070
2533,33.627013557565284,-115.98722980344488,4.2,2007-01-08 23:33:56.225259339,9070
2532,32.886018677234496,-115.49837089496081,4.1,2007-01-08 19:34:51.677049507,9097
2532,37.71723417121457,-118.56453424085932,4.9,2007-01-08 05:44:09.767607704,9135
2532,32.57419158844817,-116.17034117303751,4.1,2007-01-08 13:37:32.508028866,9148
2532,37.48110315926816,-118.89584043444374,5.0,2007-01-08 01:18:44.992897084,9157
2532,33.705082288920345,-116.05719015861196,4.5,2007-01-08 05:33:49.662854639,9179
2533,33.71185098807126,-116.09052691880883,4.2,2007-01-08 06:53:31.073279241,9179
2533,37.22959221538135,-117.81743320431596,4.9,2007-01-08 05:56:12.598156000,9181
2534,32.95723831762198,-115.50863673521533,4.6,2007-01-08 15:26:47.415560495,9181
2532,34.13914483019908,-117.58222074948976,4.3,2007-01-08 16:14:41.396867436,9223
2532,34.13883761325172,-116.4258040362359,4.9,2007-01-08 22:42:32.831336259,9237
2532,33.992184062464936,-116.64469527623702,5.1,2007-01-08 07:27:15.113545214,9238
2533,33.96528329320662,-116.72409458657211,4.2,2007-01-08 07:48:04.660745676,9238
2532,36.92418326200103,-121.6576642824683,4.2,2007-01-08 15:09:12.414268836,9253
2532,37.39019474033483,-117.09011091182343,4.0,2007-01-08 17:17:43.170003395,9255
2532,31.795346736814487,-116.29861899173527,4.3,2007-01-08 21:56:11.752510697,9286
2532,36.81102123200618,-115.89382440282066,4.3,2007-01-08 20:59:57.513481398,9311
2533,36.797702545957726,-115.94337355183494,4.9,2007-01-08 22:23:08.367495127,9311
2532,42.294423585420134,-122.15644273051372,4.3,2007-01-08 23:23:06.331417670,9315
2533,34.063859068575,-116.67853843234052,4.4,2007-01-08 20:56:38.935561000,9326
2532,31.7991326128374,-116.30907159152737,4.5,2007-01-08 01:44:47.764877794,9357
2533,31.81272779878761,-116.30060835860215,4.7,2007-01-08 16:23:26.098675481,9357
2534,31.795706129040756,-116.2877883689277,4.4,2007-01-08 01:46:31.605639293,9357
2535,31.813326976083612,-116.30580908996089,4.7,2007-01-08 16:24:13.744647251,9357
2532,37.54474887609332,-118.8531475394203,4.2,2007-01-08 15:29:01.851922943,9359
2533,37.56461075832309,-118.83965583131777,4.0,2007-01-08 15:39:41.587917322,9359
2533,36.96702357639155,-121.45463205055873,4.2,2007-01-08 01:33:50.334018000,9363
2532,33.92847225987527,-118.71027385286138,4.0,2007-01-08 04:49:51.671312240,9397
2533,31.900843950747415,-116.32973784938066,4.4,2007-01-08 20:41:36.457619000,9415
2533,40.860159764535645,-125.07337689348013,4.4,2007-01-08 09:37:32.526772000,9416
2533,39.95442081916604,-120.69971145857154,4.4,2007-01-08 20:00:16.278967000,9427
2533,36.49485865003539,-120.61405202787454,4.1,2007-01-08 19:09:50.162558000,9443
2532,35.01375068868797,-119.10110034599607,4.0,2007-01-08 09:09:03.746812970,9452
2533,41.22928424804121,-123.95138113514722,4.0,2007-01-08 11:08:09.054999000,9456
2532,34.004797911116796,-116.79343300718138,4.5,2007-01-08 13:53:52.550034401,9458
2533,38.412680010981774,-119.29857291793195,4.0,2007-01-08 07:05:52.417098000,9460
2532,33.704861037121226,-116.05093657903888,4.5,2007-01-08 12:56:39.107080561,9464
2533,33.68439575631252,-116.40936627879839,4.3,2007-01-08 14:32:14.515507797,9464
2532,34.580452206739004,-116.30574679807857,4.1,2007-01-08 12:11:30.563949593,9466
2532,33.53737766930497,-116.56634839210014,4.4,2007-01-08 10:09:10.280620179,9470
2533,41.30116354663004,-118.85415806930625,4.5,2007-01-08 13:25:15.035670000,9484
2532,32.21281749133831,-115.27442499753593,4.7,2007-01-08 21:52:16.263162608,9485
2532,36.89259949927152,-121.46726420184481,4.4,2007-01-08 19:10:36.297996827,9505
2533,36.89071204553344,-121.45818838235165,4.2,2007-01-08 20:24:56.653863897,9505
2533,33.44421784148143,-118.1412975379556,4.0,2007-01-08 22:59:33.455814000,9510
2532,31.81776053531875,-116.30910543300209,4.0,2007-01-08 20:29:40.993297018,9547
2532,40.43987823731733,-125.08705958352714,4.0,2007-01-08 00:12:39.868643453,9573
2532,37.85940862665749,-118.19990588798477,4.2,2007-01-08 14:19:36.920039310,9576
2533,36.3620432187471,-121.85425389068878,4.0,2007-01-08 09:55:41.980166000,9577
2532,35.80358336772338,-117.81327022286075,4.9,2007-01-08 23:21:42.492934801,9580
2533,35.80728951109313,-117.81773882369399,4.3,2007-01-08 23:29:02.016869626,9580
2532,34.143993546578045,-116.69279036101297,5.6,2007-01-08 20:55:17.075310787,9594
2532,40.240942880762496,-124.28696108302269,4.2,2007-01-08 01:19:41.312953135,9610
2533,35.691038588526624,-121.171470349053,4.0,2007-01-08 12:45:29.822004809,9610
2532,41.14937063359913,-124.48832597690456,4.8,2007-01-08 03:22:32.785693903,9612
2532,34.8144166426085,-116.37379509887337,5.6,2007-01-08 11:41:11.229292029,9649
2533,34.79721944350442,-116.34449809593636,4.0,2007-01-08 17:36:18.099424137,9649
2534,34.802992675812604,-116.32549007552615,5.5,2007-01-08 11:50:33.622907245,9649
2535,34.783633155083706,-116.27128706677067,4.4,2007-01-08 11:54:08.028065084,9649
2532,34.0526940751852,-117.25489502517972,4.0,2007-01-08 08:36:14.101483365,9650
2532,33.16821911283132,-115.63406553071411,4.4,2007-01-08 02:47:34.744131154,9654
2532,38.72848302719627,-122.41428449293952,5.2,2007-01-08 08:55:46.927931223,9706
2533,37.46424223447884,-117.13418430331605,4.2,2007-01-08 23:33:48.745946000,9711
2532,38.52111456921474,-118.51866096072077,4.0,2007-01-08 09:59:38.106334449,9723
2533,38.66606075889331,-118.62968890524282,5.0,2007-01-08 10:04:26.812671561,9723
2534,38.66855022020928,-118.62829469559054,4.0,2007-01-08 10:10:35.229682806,9723
2535,38.66064610874607,-118.63564708683295,4.9,2007-01-08 11:24:14.305874332,9723
2536,38.66646186404836,-118.67395501987022,4.0,2007-01-08 11:24:23.561370634,9723
2533,40.58230772937771,-124.03939388423397,4.1,2007-01-08 18:42:32.067810000,9730
2532,40.27372269936288,-124.39270897837353,4.7,2007-01-08 17:40:49.879352943,9739
2532,36.169838086901784,-120.27216870439493,4.1,2007-01-08 02:54:34.494940116,9777
2533,39.33648140332765,-123.01045039272971,4.0,2007-01-08 03:20:32.648429000,9780
2532,35.354007887362066,-118.55886682167016,4.2,2007-01-08 23:38:15.448459062,9788
2532,34.01134089042538,-116.78622827926172,4.3,2007-01-08 03:26:40.480204301,9790
2532,32.28348301646958,-115.22653903844049,4.0,2007-01-08 14:14:05.428146164,9821
2532,32.3477131472383,-115.21856739632281,4.0,2007-01-08 20:54:55.362854420,9822
2533,40.63478519893607,-124.08590357234787,4.1,2007-01-08 15:06:56.755968000,9828
2533,38.55159487868535,-122.16633776509548,4.9,2007-01-08 02:57:02.451889000,9830
2534,38.63659558486921,-122.19017029879247,5.9,2007-01-08 07:36:50.042923088,9830
2535,38.64096712235124,-122.20165076242255,5.0,2007-01-08 07:40:39.433759737,9830
2536,38.97224662385443,-120.70339476547204,4.5,2007-01-08 07:41:42.931687502,9830
2537,38.928119757384145,-120.73898860145144,4.0,2007-01-08 09:50:55.738377334,9830
2538,38.928644948809676,-120.74421621910031,4.0,2007-01-08 14:41:24.524559164,9830
2532,31.812588377502642,-116.33902129095206,4.2,2007-01-08 10:13:08.117542259,9845
2532,37.81302675397897,-118.82649445817161,4.1,2007-01-08 19:36:43.525332368,9846
2533,41.04091743131643,-125.32272572288613,5.0,2007-01-08 14:39:59.527189000,9855
2532,40.425918913048676,-125.0849211268699,4.5,2007-01-08 08:30:48.299468074,9856
2533,40.401533493453115,-125.16746258396708,4.1,2007-01-08 14:47:33.891974870,9856
2534,40.40523651630798,-125.16424893986706,4.7,2007-01-08 14:54:40.305148754,9856
2535,40.28192409052288,-125.3967935189249,4.6,2007-01-08 14:55:46.412769373,9856
2532,35.998853587681914,-120.51391786411551,4.3,2007-01-08 01:00:44.243819415,9867
2533,40.60347679985188,-122.36580362743028,4.0,2007-01-08 11:55:02.653948000,9868
2532,40.63570794173194,-125.44060932475757,4.3,2007-01-08 08:43:56.349922305,9888
2532,34.32677939891805,-118.47224614420472,4.0,2007-01-08 11:33:33.972026120,9890
2532,31.7778647683095,-116.28090147456277,4.1,2007-01-08 01:06:26.588829728,9941
2533,38.015003089935114,-118.99163972858216,5.1,2007-01-08 06:50:23.502766000,9946
2534,38.02229830813131,-119.02535969067263,4.7,2007-01-08 22:11:14.635880694,9946
2535,38.01404976542422,-119.01806934607716,4.3,2007-01-08 22:15:37.648925600,9946
2536,38.067855622719215,-119.05680096483223,4.1,2007-01-08 22:15:42.312229123,9946
2537,38.51187022377489,-120.00531113301263,5.0,2007-01-08 22:11:25.916582188,9946
2538,38.00506036969651,-118.99696175593238,4.6,2007-01-08 23:18:16.597532958,9946
2532,33.75083193166403,-116.00461917031338,4.0,2007-01-08 09:42:55.759876386,9953
2532,40.451748787581536,-125.25168754817602,5.6,2007-01-08 13:39:20.293274172,9959
2532,38.0987094254805,-118.89823045909229,4.3,2007-01-08 15:06:01.784530271,9968
2533,38.90430581678766,-119.42546466310417,4.4,2007-01-08 06:35:20.258460000,9989
